update,iteration_index,adaptive_learning_rate_start,adaptive_learning_rate_end,adaptive_learning_rate_min,adaptive_learning_rate_max,kl_mean,kl_max,minibatch_count,current_log_prob_mean,old_log_prob_mean,log_ratio_mean,log_ratio_abs_max,ratio_clip_fraction,surrogate_loss,value_loss,entropy_loss,total_loss,gradient_norm,transitions,terminated_ratio,primary_fall_ratio,timeout_ratio,completed_episode_length_mean,completed_episode_return_mean,raw_action_abs_mean,raw_action_abs_p90,policy_mean_abs_mean,policy_std_mean,target_limit_violation_steps,target_limit_max_excess_rad,actual_limit_violation_steps,actual_limit_max_excess_rad
1,0,0.001,0.001,0.001,0.001,,,0,,,,,,-0.05573120340704918,0.2772371768951416,-41.161190032958984,-0.10778353363275528,0.7244240641593933,1536,0.0,0.0,0.0,,,0.7987291812896729,1.6374530792236328,0.07982709258794785,1.0,1433,1.327872633934021,186,0.015742599964141846
2,1,1e-05,1e-05,1e-05,1e-05,,,0,,,,,,-0.04217309504747391,4.127711772918701,-41.1565055847168,3.7562854290008545,3.6358330249786377,3072,0.03515625,0.03515625,0.0,38.18518518518518,-6.886292435239862,0.8049586415290833,1.656193733215332,0.09160038828849792,1.0003912448883057,1414,1.4829490184783936,321,0.013952374458312988
3,2,0.00011390625000000006,0.00011390625000000006,0.00011390625000000006,0.00011390625000000006,,,0,,,,,,-0.05562080815434456,1.203454613685608,-41.14467239379883,0.8186764717102051,2.8270328044891357,4608,0.01171875,0.01171875,0.0,44.05555555555556,-7.342822271651694,0.7985594272613525,1.6506495475769043,0.09807603806257248,1.000138521194458,1432,1.4906970262527466,255,0.021567106246948242
4,3,1.5000000000000005e-05,1.5000000000000005e-05,1.5000000000000005e-05,1.5000000000000005e-05,,,0,,,,,,-0.04083429276943207,1.1756912469863892,-41.144859313964844,0.8056980967521667,4.675840377807617,6144,0.03125,0.03125,0.0,42.020833333333336,-7.14931270439178,0.803878664970398,1.6486057043075562,0.10986480116844177,0.9996829628944397,1423,1.1530027389526367,235,0.008910894393920898
5,4,0.00011390625000000006,0.00011390625000000006,0.00011390625000000006,0.00011390625000000006,,,0,,,,,,-0.060678232461214066,0.8030557036399841,-41.16278076171875,0.4130752980709076,3.405463457107544,7680,0.0234375,0.0234375,0.0,41.72222222222222,-7.05397904250357,0.8107014894485474,1.668882966041565,0.1220950335264206,1.0002273321151733,1432,1.3971836566925049,260,0.010644197463989258
6,5,2.2500000000000008e-05,2.2500000000000008e-05,2.2500000000000008e-05,2.2500000000000008e-05,,,0,,,,,,-0.04225972294807434,0.7683436274528503,-41.17074203491211,0.3967178761959076,4.467494964599609,9216,0.022135416666666668,0.022135416666666668,0.0,42.8235294117647,-7.184298532955786,0.8087228536605835,1.6624834537506104,0.12888838350772858,1.000654697418213,1426,1.4269901514053345,270,0.007709503173828125
7,6,5.0625000000000024e-05,5.0625000000000024e-05,5.0625000000000024e-05,5.0625000000000024e-05,,,0,,,,,,-0.054359953850507736,0.541736900806427,-41.17096710205078,0.15800920128822327,3.6208484172821045,10752,0.0234375,0.0234375,0.0,41.52777777777778,-7.655099093930589,0.8078840970993042,1.6722609996795654,0.13937027752399445,1.0009009838104248,1437,1.4175912141799927,277,0.011689484119415283
8,7,3.3750000000000014e-05,3.3750000000000014e-05,3.3750000000000014e-05,3.3750000000000014e-05,,,0,,,,,,-0.05011235550045967,0.3473469018936157,-41.15949249267578,-0.03204139694571495,2.8626856803894043,12288,0.024088541666666668,0.024088541666666668,0.0,42.21621621621622,-7.451508308133564,0.8118658065795898,1.6762895584106445,0.14201025664806366,1.0006788969039917,1434,1.4602662324905396,277,0.011387050151824951
9,8,2.2500000000000008e-05,2.2500000000000008e-05,2.2500000000000008e-05,2.2500000000000008e-05,,,0,,,,,,-0.051006805151700974,0.22078727185726166,-41.146263122558594,-0.1593896895647049,2.5067803859710693,13824,0.024088541666666668,0.024088541666666668,0.0,42.08108108108108,-7.488591799768242,0.8170762062072754,1.6937832832336426,0.14862753450870514,1.000091314315796,1443,1.137704610824585,279,0.013353705406188965
10,9,2.2500000000000008e-05,2.2500000000000008e-05,2.2500000000000008e-05,2.2500000000000008e-05,,,0,,,,,,-0.053623657673597336,0.1586059033870697,-41.13822555541992,-0.22412362694740295,1.7817646265029907,15360,0.025390625,0.025390625,0.0,41.43589743589744,-6.965200511171267,0.8090569376945496,1.6646679639816284,0.152059406042099,0.9998279213905334,1442,1.4429088830947876,275,0.010500192642211914
11,10,1.5000000000000005e-05,1.5000000000000005e-05,1.5000000000000005e-05,1.5000000000000005e-05,,,0,,,,,,-0.04807324707508087,0.19569069147109985,-41.12467956542969,-0.1813800185918808,1.9831866025924683,16896,0.024088541666666668,0.024088541666666668,0.0,41.45945945945946,-6.749072314146402,0.8160545825958252,1.672650933265686,0.15837374329566956,0.9994938373565674,1450,1.543400764465332,284,0.012055456638336182
12,11,2.2500000000000008e-05,2.2500000000000008e-05,2.2500000000000008e-05,2.2500000000000008e-05,,,0,,,,,,-0.05558445677161217,0.17933638393878937,-41.10783767700195,-0.20511077344417572,1.7270307540893555,18432,0.026041666666666668,0.026041666666666668,0.0,40.125,-7.335499079406262,0.8162983655929565,1.679369568824768,0.15907412767410278,0.9988557696342468,1430,1.4512661695480347,265,0.01252436637878418
13,12,1.5000000000000005e-05,1.5000000000000005e-05,1.5000000000000005e-05,1.5000000000000005e-05,,,0,,,,,,-0.05212464928627014,0.17196661233901978,-41.09998321533203,-0.20895791053771973,1.7491734027862549,19968,0.024739583333333332,0.024739583333333332,0.0,37.578947368421055,-6.984401764587353,0.8132326006889343,1.673889398574829,0.16451025009155273,0.9984109997749329,1440,1.296294927597046,275,0.007556915283203125
14,13,1.5000000000000005e-05,1.5000000000000005e-05,1.5000000000000005e-05,1.5000000000000005e-05,,,0,,,,,,-0.05613033100962639,0.157123863697052,-41.08681106567383,-0.22770099341869354,1.4543808698654175,21504,0.020833333333333332,0.020833333333333332,0.0,43.1875,-7.22625411134213,0.8167515993118286,1.68251633644104,0.17014555633068085,0.9982841610908508,1429,1.2502398490905762,266,0.00942617654800415
15,14,1.5000000000000005e-05,1.5000000000000005e-05,1.5000000000000005e-05,1.5000000000000005e-05,,,0,,,,,,-0.05608825013041496,0.11172755062580109,-41.06386947631836,-0.27287164330482483,1.224021553993225,23040,0.03125,0.03125,0.0,41.104166666666664,-6.999921808093788,0.8119747042655945,1.6706209182739258,0.1687103807926178,0.9974794983863831,1438,1.6337724924087524,266,0.012511074542999268
16,15,1.0000000000000004e-05,1.0000000000000004e-05,1.0000000000000004e-05,1.0000000000000004e-05,,,0,,,,,,-0.04687861353158951,0.16964919865131378,-41.04411315917969,-0.20558233559131622,1.7282177209854126,24576,0.017578125,0.017578125,0.0,39.370370370370374,-6.898521128363079,0.8142775297164917,1.6786383390426636,0.17464926838874817,0.9967630505561829,1449,1.5119338035583496,316,0.013945043087005615
17,16,2.2500000000000008e-05,2.2500000000000008e-05,2.2500000000000008e-05,2.2500000000000008e-05,,,0,,,,,,-0.05135859176516533,0.11936458200216293,-41.02333068847656,-0.26018068194389343,1.5169585943222046,26112,0.027994791666666668,0.027994791666666668,0.0,42.2093023255814,-7.439960295460944,0.8125206828117371,1.6733790636062622,0.1773476004600525,0.9960314631462097,1439,1.3481920957565308,218,0.011610865592956543
18,17,1.0000000000000004e-05,1.0000000000000004e-05,1.0000000000000004e-05,1.0000000000000004e-05,,,0,,,,,,-0.05027415230870247,0.14725811779499054,-41.0063591003418,-0.23106689751148224,1.6059293746948242,27648,0.024088541666666668,0.024088541666666668,0.0,37.648648648648646,-6.7950984814360345,0.8173210620880127,1.6907891035079956,0.1841634064912796,0.9954406023025513,1450,1.7086461782455444,340,0.011887192726135254
19,18,2.2500000000000008e-05,2.2500000000000008e-05,2.2500000000000008e-05,2.2500000000000008e-05,,,0,,,,,,-0.05665980651974678,0.13320015370845795,-40.9936408996582,-0.25140881538391113,1.368155837059021,29184,0.024739583333333332,0.024739583333333332,0.0,43.5,-7.4447363871336,0.8149126172065735,1.6868181228637695,0.18734616041183472,0.9947895407676697,1438,1.5328097343444824,316,0.006926238536834717
20,19,1.0000000000000004e-05,1.0000000000000004e-05,1.0000000000000004e-05,1.0000000000000004e-05,,,0,,,,,,-0.04832286760210991,0.10227897018194199,-40.98854446411133,-0.2739522457122803,1.369491696357727,30720,0.0234375,0.0234375,0.0,38.80555555555556,-7.147365508973599,0.8168143033981323,1.6726064682006836,0.19239075481891632,0.9946274757385254,1428,1.4788005352020264,328,0.01441103219985962
21,20,1.5000000000000005e-05,1.5000000000000005e-05,1.5000000000000005e-05,1.5000000000000005e-05,,,0,,,,,,-0.0519777350127697,0.10190310329198837,-40.9836540222168,-0.27794381976127625,1.2899116277694702,32256,0.026692708333333332,0.026692708333333332,0.0,41.048780487804876,-6.951193245474886,0.8189660310745239,1.6966702938079834,0.19595056772232056,0.9944286346435547,1440,1.3512283563613892,324,0.009546995162963867
22,21,1.5000000000000005e-05,1.5000000000000005e-05,1.5000000000000005e-05,1.5000000000000005e-05,,,0,,,,,,-0.054239701479673386,0.11785884946584702,-40.978458404541016,-0.26420852541923523,1.2477902173995972,33792,0.027994791666666668,0.027994791666666668,0.0,38.18604651162791,-7.0625594219773316,0.8229423761367798,1.694327473640442,0.20197078585624695,0.99428391456604,1451,1.2674086093902588,319,0.009880542755126953
23,22,1.5000000000000005e-05,1.5000000000000005e-05,1.5000000000000005e-05,1.5000000000000005e-05,,,0,,,,,,-0.05690451338887215,0.10794907808303833,-40.969154357910156,-0.2767086923122406,1.2653499841690063,35328,0.020833333333333332,0.020833333333333332,0.0,39.125,-6.907408866062762,0.8206541538238525,1.691083550453186,0.20753395557403564,0.9940922260284424,1443,1.4499757289886475,380,0.00955897569656372
24,23,1.5000000000000005e-05,1.5000000000000005e-05,1.5000000000000005e-05,1.5000000000000005e-05,,,0,,,,,,-0.05375005677342415,0.09762974083423615,-40.95537567138672,-0.2837633490562439,1.1884820461273193,36864,0.03125,0.03125,0.0,38.604166666666664,-6.993602768257257,0.8179695010185242,1.683500051498413,0.2075430303812027,0.9936467409133911,1439,1.405098795890808,317,0.010161757469177246
25,24,1.0000000000000004e-05,1.0000000000000004e-05,1.0000000000000004e-05,1.0000000000000004e-05,,,0,,,,,,-0.04808146506547928,0.10559562593698502,-40.94779586791992,-0.2700682580471039,1.4790260791778564,38400,0.026041666666666668,0.026041666666666668,0.0,35.3,-6.73306441769004,0.8273646831512451,1.707912564277649,0.21614354848861694,0.9931640625,1430,1.3481296300888062,337,0.00902259349822998
26,25,2.2500000000000008e-05,2.2500000000000008e-05,2.2500000000000008e-05,2.2500000000000008e-05,,,0,,,,,,-0.05206665024161339,0.11504212766885757,-40.9475212097168,-0.26460474729537964,1.4535149335861206,39936,0.0234375,0.0234375,0.0,40.166666666666664,-7.395219746993648,0.822966456413269,1.7055507898330688,0.22070316970348358,0.9931319355964661,1448,1.4565646648406982,359,0.015923500061035156
27,26,1.0000000000000004e-05,1.0000000000000004e-05,1.0000000000000004e-05,1.0000000000000004e-05,,,0,,,,,,-0.048398297280073166,0.12411131709814072,-40.94671630859375,-0.25186073780059814,1.5821136236190796,41472,0.028645833333333332,0.028645833333333332,0.0,40.29545454545455,-7.175259435203942,0.8260810971260071,1.6995410919189453,0.22596006095409393,0.9931060075759888,1453,1.5851489305496216,343,0.007301509380340576
28,27,2.2500000000000008e-05,2.2500000000000008e-05,2.2500000000000008e-05,2.2500000000000008e-05,,,0,,,,,,-0.05600714683532715,0.11247999966144562,-40.938201904296875,-0.27103278040885925,1.4785218238830566,43008,0.026041666666666668,0.026041666666666668,0.0,37.025,-7.18076972049475,0.8247868418693542,1.7069181203842163,0.23446540534496307,0.9930928349494934,1443,1.8002456426620483,414,0.01273202896118164
29,28,1.0000000000000004e-05,1.0000000000000004e-05,1.0000000000000004e-05,1.0000000000000004e-05,,,0,,,,,,-0.049232032150030136,0.08493727445602417,-40.92652130126953,-0.29170694947242737,1.2077362537384033,44544,0.024739583333333332,0.024739583333333332,0.0,37.5,-6.985210671518978,0.8199126124382019,1.6799572706222534,0.23245030641555786,0.9925609230995178,1435,1.3778773546218872,307,0.009743928909301758
30,29,1.5000000000000005e-05,1.5000000000000005e-05,1.5000000000000005e-05,1.5000000000000005e-05,,,0,,,,,,-0.05139860138297081,0.08544696122407913,-40.919029235839844,-0.29330387711524963,1.2392677068710327,46080,0.027994791666666668,0.027994791666666668,0.0,38.25581395348837,-6.808806793079819,0.8294011950492859,1.7040128707885742,0.24128766357898712,0.9922718405723572,1449,1.4345026016235352,359,0.01606065034866333
31,30,1.0000000000000004e-05,1.0000000000000004e-05,1.0000000000000004e-05,1.0000000000000004e-05,,,0,,,,,,-0.04626637324690819,0.08361268043518066,-40.90876007080078,-0.289923757314682,1.3865541219711304,47616,0.026692708333333332,0.026692708333333332,0.0,36.707317073170735,-6.938811836300826,0.8295773267745972,1.7174545526504517,0.2500867247581482,0.9920064806938171,1454,1.3033816814422607,389,0.014257609844207764
32,31,1.5000000000000005e-05,1.5000000000000005e-05,1.5000000000000005e-05,1.5000000000000005e-05,,,0,,,,,,-0.049165233969688416,0.10464490950107574,-40.896080017089844,-0.27168893814086914,1.324252724647522,49152,0.027994791666666668,0.027994791666666668,0.0,35.04651162790697,-6.784419660291005,0.832060694694519,1.7159210443496704,0.25111284852027893,0.9915933012962341,1454,1.67836332321167,404,0.011764347553253174
33,32,1.0000000000000004e-05,1.0000000000000004e-05,1.0000000000000004e-05,1.0000000000000004e-05,,,0,,,,,,-0.04402563348412514,0.11170213669538498,-40.88340759277344,-0.2593907415866852,1.4781502485275269,50688,0.027994791666666668,0.027994791666666668,0.0,36.97674418604651,-6.836971541684729,0.8317041397094727,1.7114825248718262,0.25284597277641296,0.9911484718322754,1449,1.5034902095794678,392,0.013491511344909668
34,33,2.2500000000000008e-05,2.2500000000000008e-05,2.2500000000000008e-05,2.2500000000000008e-05,,,0,,,,,,-0.04821782186627388,0.10912545025348663,-40.865440368652344,-0.2660159170627594,1.5902389287948608,52224,0.025390625,0.025390625,0.0,35.92307692307692,-7.143733890423407,0.8312911987304688,1.7215595245361328,0.25736501812934875,0.990700364112854,1454,1.5031445026397705,414,0.008986413478851318
35,34,1.0000000000000004e-05,1.0000000000000004e-05,1.0000000000000004e-05,1.0000000000000004e-05,,,0,,,,,,-0.04683149978518486,0.10374315083026886,-40.85396194458008,-0.2699200510978699,1.495095133781433,53760,0.026692708333333332,0.026692708333333332,0.0,39.19512195121951,-6.970728799773427,0.8346354961395264,1.724502444267273,0.26245689392089844,0.9900177717208862,1466,1.7732614278793335,438,0.01794600486755371
36,35,2.2500000000000008e-05,2.2500000000000008e-05,2.2500000000000008e-05,2.2500000000000008e-05,,,0,,,,,,-0.0525444857776165,0.0918581411242485,-40.84290313720703,-0.287429541349411,1.3568423986434937,55296,0.029947916666666668,0.029947916666666668,0.0,35.06521739130435,-6.920329769098241,0.8290994763374329,1.7082079648971558,0.26572921872138977,0.989876389503479,1434,1.5516425371170044,427,0.012046754360198975
37,36,1.0000000000000004e-05,1.0000000000000004e-05,1.0000000000000004e-05,1.0000000000000004e-05,,,0,,,,,,-0.04759567603468895,0.07743027061223984,-40.83119583129883,-0.2968149781227112,1.2730891704559326,56832,0.027994791666666668,0.027994791666666668,0.0,35.906976744186046,-6.879860954090607,0.8419450521469116,1.7314954996109009,0.27130287885665894,0.9892714619636536,1457,1.4682575464248657,425,0.009684979915618896
38,37,1.5000000000000005e-05,1.5000000000000005e-05,1.5000000000000005e-05,1.5000000000000005e-05,,,0,,,,,,-0.05094323679804802,0.09345265477895737,-40.8264274597168,-0.2841019332408905,1.213870882987976,58368,0.026041666666666668,0.026041666666666668,0.0,33.7,-6.484443101733923,0.8347115516662598,1.7253953218460083,0.2718246281147003,0.9890608191490173,1446,1.5017247200012207,446,0.013820290565490723
39,38,1.0000000000000004e-05,1.0000000000000004e-05,1.0000000000000004e-05,1.0000000000000004e-05,,,0,,,,,,-0.048772770911455154,0.08107048273086548,-40.82415008544922,-0.2942955493927002,1.2684301137924194,59904,0.031901041666666664,0.031901041666666664,0.0,35.775510204081634,-6.797785825972654,0.8385761976242065,1.724537968635559,0.28418946266174316,0.9889550805091858,1459,1.5087800025939941,436,0.01374739408493042
40,39,1.5000000000000005e-05,1.5000000000000005e-05,1.5000000000000005e-05,1.5000000000000005e-05,,,0,,,,,,-0.04735955968499184,0.07592154294252396,-40.8193473815918,-0.2979927957057953,1.2813538312911987,61440,0.030598958333333332,0.030598958333333332,0.0,34.04255319148936,-6.694191550117858,0.8307508826255798,1.7131075859069824,0.2711881995201111,0.9889044165611267,1458,1.5563358068466187,413,0.012163341045379639
41,40,1.0000000000000004e-05,1.0000000000000004e-05,1.0000000000000004e-05,1.0000000000000004e-05,,,0,,,,,,-0.04452496021986008,0.1025245189666748,-40.81301498413086,-0.2685045897960663,1.4736531972885132,62976,0.025390625,0.025390625,0.0,34.282051282051285,-6.681098728118798,0.8317510485649109,1.7164313793182373,0.28031113743782043,0.9886125326156616,1452,1.391228199005127,442,0.011679589748382568
42,41,1.5000000000000005e-05,1.5000000000000005e-05,1.5000000000000005e-05,1.5000000000000005e-05,,,0,,,,,,-0.04746552184224129,0.10043493658304214,-40.80760955810547,-0.2734914720058441,1.6710102558135986,64512,0.030598958333333332,0.030598958333333332,0.0,37.38297872340426,-7.1271643580908455,0.8393986225128174,1.7281969785690308,0.2794542610645294,0.9884909987449646,1466,1.4922815561294556,437,0.014039397239685059
43,42,1.0000000000000004e-05,1.0000000000000004e-05,1.0000000000000004e-05,1.0000000000000004e-05,,,0,,,,,,-0.04329497367143631,0.13102374970912933,-40.79484939575195,-0.2386300414800644,1.9344648122787476,66048,0.029947916666666668,0.029947916666666668,0.0,33.369565217391305,-6.935625632871752,0.8377946019172668,1.7236069440841675,0.2859536409378052,0.9882393479347229,1487,1.6402904987335205,441,0.009811818599700928
44,43,2.2500000000000008e-05,2.2500000000000008e-05,2.2500000000000008e-05,2.2500000000000008e-05,,,0,,,,,,-0.04878528043627739,0.0912700891494751,-40.77334976196289,-0.28370201587677,1.4569193124771118,67584,0.028645833333333332,0.028645833333333332,0.0,30.59090909090909,-6.5258011093464745,0.8435851335525513,1.7455676794052124,0.289442777633667,0.987556517124176,1453,1.5140355825424194,455,0.013903141021728516
45,44,1.0000000000000004e-05,1.0000000000000004e-05,1.0000000000000004e-05,1.0000000000000004e-05,,,0,,,,,,-0.04558364301919937,0.07873063534498215,-40.76395797729492,-0.29296472668647766,1.3478916883468628,69120,0.035807291666666664,0.035807291666666664,0.0,31.836363636363636,-6.624381376396526,0.8388296365737915,1.7313886880874634,0.28743433952331543,0.9869118332862854,1468,1.7266535758972168,433,0.006903171539306641
46,45,1.5000000000000005e-05,1.5000000000000005e-05,1.5000000000000005e-05,1.5000000000000005e-05,,,0,,,,,,-0.04315010830760002,0.11570793390274048,-40.762725830078125,-0.25354400277137756,1.5612525939941406,70656,0.030598958333333332,0.030598958333333332,0.0,32.8936170212766,-6.673318767116425,0.8428531289100647,1.7475985288619995,0.30101802945137024,0.9868471026420593,1464,1.5174760818481445,535,0.009908735752105713
47,46,1.0000000000000004e-05,1.0000000000000004e-05,1.0000000000000004e-05,1.0000000000000004e-05,,,0,,,,,,-0.04553726315498352,0.07840310037136078,-40.761329650878906,-0.2932248115539551,1.321148157119751,72192,0.03125,0.03125,0.0,30.833333333333332,-6.563528592114647,0.845153272151947,1.7360787391662598,0.29954639077186584,0.986847460269928,1477,1.6327898502349854,488,0.015524744987487793
48,47,1.0000000000000004e-05,1.0000000000000004e-05,1.0000000000000004e-05,1.0000000000000004e-05,,,0,,,,,,-0.04366633668541908,0.08623089641332626,-40.75529861450195,-0.2834778130054474,1.3491610288619995,73728,0.033203125,0.033203125,0.0,30.745098039215687,-6.273204068716831,0.8412579894065857,1.7328919172286987,0.3003164827823639,0.9867257475852966,1469,1.5767858028411865,435,0.006876707077026367
49,48,1.0000000000000004e-05,1.0000000000000004e-05,1.0000000000000004e-05,1.0000000000000004e-05,,,0,,,,,,-0.0394093282520771,0.118630550801754,-40.75148010253906,-0.24679064750671387,1.5638513565063477,75264,0.034505208333333336,0.034505208333333336,0.0,30.39622641509434,-6.483194843305733,0.8539116382598877,1.757080078125,0.31251630187034607,0.9864333271980286,1486,1.6911193132400513,519,0.010670721530914307
50,49,1.0000000000000004e-05,1.0000000000000004e-05,1.0000000000000004e-05,1.0000000000000004e-05,,,0,,,,,,-0.04381348565220833,0.07665733247995377,-40.75423049926758,-0.29319003224372864,1.3283556699752808,76800,0.033203125,0.033203125,0.0,30.0,-6.435405074030747,0.8471830487251282,1.7451900243759155,0.30449098348617554,0.9865184426307678,1490,1.812156081199646,480,0.00917881727218628
51,50,1.0000000000000004e-05,1.0000000000000004e-05,1.0000000000000004e-05,1.0000000000000004e-05,,,0,,,,,,-0.043345093727111816,0.07615397870540619,-40.74949264526367,-0.29318708181381226,1.3520851135253906,78336,0.031901041666666664,0.031901041666666664,0.0,28.571428571428573,-6.2422317902166,0.8479854464530945,1.7526756525039673,0.30857497453689575,0.9865856170654297,1473,1.685054898262024,424,0.008970260620117188
52,51,1.5000000000000005e-05,1.5000000000000005e-05,1.5000000000000005e-05,1.5000000000000005e-05,,,0,,,,,,-0.044975556433200836,0.09542043507099152,-40.73677444458008,-0.27544933557510376,1.3245936632156372,79872,0.035807291666666664,0.035807291666666664,0.0,30.054545454545455,-6.323933949210424,0.854203999042511,1.7497566938400269,0.3181169927120209,0.986166775226593,1472,1.7204169034957886,493,0.01149064302444458
53,52,1e-05,1e-05,1e-05,1e-05,,,0,,,,,,-0.04349764809012413,0.06277373433113098,-40.72538375854492,-0.3065270483493805,1.4755624532699585,81408,0.037109375,0.037109375,0.0,27.842105263157894,-6.252140459972516,0.8535337448120117,1.7573175430297852,0.3146369457244873,0.9858156442642212,1479,1.647241473197937,510,0.011283040046691895
54,53,1.5000000000000005e-05,1.5000000000000005e-05,1.5000000000000005e-05,1.5000000000000005e-05,,,0,,,,,,-0.04604736343026161,0.06641127914190292,-40.713470458984375,-0.3053438663482666,1.345481276512146,82944,0.032552083333333336,0.032552083333333336,0.0,28.88,-6.023338064217568,0.8506795763969421,1.7580358982086182,0.31505879759788513,0.9853224158287048,1479,1.613039255142212,464,0.006232917308807373
55,54,1.0000000000000004e-05,1.0000000000000004e-05,1.0000000000000004e-05,1.0000000000000004e-05,,,0,,,,,,-0.03904695436358452,0.07265900820493698,-40.707637786865234,-0.2920491397380829,1.340395450592041,84480,0.037760416666666664,0.037760416666666664,0.0,27.275862068965516,-6.123033920259311,0.8553922772407532,1.7734620571136475,0.33132946491241455,0.9850616455078125,1472,1.7712136507034302,466,0.00968623161315918
56,55,1.0000000000000004e-05,1.0000000000000004e-05,1.0000000000000004e-05,1.0000000000000004e-05,,,0,,,,,,-0.042304497212171555,0.06378316879272461,-40.702510833740234,-0.3041413724422455,1.3367993831634521,86016,0.041666666666666664,0.041666666666666664,0.0,25.953125,-6.108388181626796,0.8582417964935303,1.7724217176437378,0.33007141947746277,0.984928548336029,1476,1.7479032278060913,448,0.012490928173065186
57,56,1.0000000000000004e-05,1.0000000000000004e-05,1.0000000000000004e-05,1.0000000000000004e-05,,,0,,,,,,-0.04304752126336098,0.06907745450735092,-40.7000732421875,-0.2995706796646118,1.2797597646713257,87552,0.037109375,0.037109375,0.0,24.526315789473685,-5.840454893802343,0.8565085530281067,1.7722610235214233,0.33114078640937805,0.9846975207328796,1463,1.6923118829727173,398,0.006760060787200928
58,57,1.0000000000000004e-05,1.0000000000000004e-05,1.0000000000000004e-05,1.0000000000000004e-05,,,0,,,,,,-0.040765851736068726,0.06607601046562195,-40.69877243041992,-0.30028003454208374,1.3561142683029175,89088,0.04296875,0.04296875,0.0,26.03030303030303,-6.049113905646587,0.8643054366111755,1.7813676595687866,0.34817731380462646,0.984762966632843,1473,1.6388322114944458,434,0.005702972412109375
59,58,1.0000000000000004e-05,1.0000000000000004e-05,1.0000000000000004e-05,1.0000000000000004e-05,,,0,,,,,,-0.03790062665939331,0.06105711683630943,-40.6961555480957,-0.3024127781391144,1.367240071296692,90624,0.046223958333333336,0.046223958333333336,0.0,22.746478873239436,-5.76927540483609,0.8727213740348816,1.8022583723068237,0.36351150274276733,0.9846212267875671,1477,1.8423305749893188,433,0.009021759033203125
60,59,1e-05,1e-05,1e-05,1e-05,,,0,,,,,,-0.033957090228796005,0.04391728341579437,-40.69178009033203,-0.3155740797519684,1.4168514013290405,92160,0.046875,0.046875,0.0,21.52777777777778,-5.550288251307278,0.8718894124031067,1.7877726554870605,0.36681288480758667,0.9845651388168335,1478,1.3473824262619019,399,0.005126774311065674
61,60,1.0000000000000004e-05,1.0000000000000004e-05,1.0000000000000004e-05,1.0000000000000004e-05,,,0,,,,,,-0.037092410027980804,0.08677781373262405,-40.683189392089844,-0.27578017115592957,1.4484171867370605,93696,0.040364583333333336,0.040364583333333336,0.0,21.387096774193548,-5.66630558268678,0.8648629188537598,1.7956173419952393,0.35790160298347473,0.9843225479125977,1479,1.3751153945922852,407,0.00839531421661377
62,61,1.0000000000000004e-05,1.0000000000000004e-05,1.0000000000000004e-05,1.0000000000000004e-05,,,0,,,,,,-0.03807171806693077,0.06515113264322281,-40.67637252807617,-0.2983315885066986,1.488261342048645,95232,0.047526041666666664,0.047526041666666664,0.0,23.589041095890412,-5.836230273867306,0.8783460855484009,1.809301495552063,0.3604991137981415,0.9840039014816284,1481,1.5772786140441895,394,0.006227016448974609
63,62,1e-05,1e-05,1e-05,1e-05,,,0,,,,,,-0.03578173741698265,0.06832154840230942,-40.67441940307617,-0.2928555905818939,1.5104649066925049,96768,0.049479166666666664,0.049479166666666664,0.0,19.75,-5.590613944985366,0.8841117024421692,1.8287818431854248,0.37299805879592896,0.9838647842407227,1477,1.5279353857040405,373,0.0037067532539367676
64,63,1e-05,1e-05,1e-05,1e-05,,,0,,,,,,-0.04076310247182846,0.045645568519830704,-40.67267990112305,-0.3204989731311798,1.4402233362197876,98304,0.052734375,0.052734375,0.0,20.580246913580247,-5.502265036628569,0.8778547644615173,1.8145874738693237,0.3713354468345642,0.9838681221008301,1480,1.7561852931976318,333,0.004566609859466553
65,64,1.0000000000000004e-05,1.0000000000000004e-05,1.0000000000000004e-05,1.0000000000000004e-05,,,0,,,,,,-0.03525421395897865,0.044416945427656174,-40.66617965698242,-0.3161666989326477,1.616529107093811,99840,0.053385416666666664,0.053385416666666664,0.0,18.74390243902439,-5.412738363154052,0.8919864296913147,1.8430839776992798,0.38516971468925476,0.9837270975112915,1491,1.6143773794174194,367,0.006029665470123291
66,65,1e-05,1e-05,1e-05,1e-05,,,0,,,,,,-0.03732801601290703,0.034422699362039566,-40.657833099365234,-0.32816800475120544,1.469454288482666,101376,0.05859375,0.05859375,0.0,17.755555555555556,-5.253960854742262,0.8962688446044922,1.8562029600143433,0.3922644555568695,0.9834494590759277,1484,1.590874433517456,358,0.007211863994598389
67,66,1.0000000000000004e-05,1.0000000000000004e-05,1.0000000000000004e-05,1.0000000000000004e-05,,,0,,,,,,-0.03197218105196953,0.030511606484651566,-40.64754867553711,-0.3266409635543823,1.4789174795150757,102912,0.056640625,0.056640625,0.0,17.517241379310345,-5.240223155131284,0.8925420045852661,1.8395493030548096,0.3992319703102112,0.9831469058990479,1498,1.702505111694336,317,0.006208956241607666
68,67,1e-05,1e-05,1e-05,1e-05,,,0,,,,,,-0.037093933671712875,0.029618728905916214,-40.63245391845703,-0.33253487944602966,1.487860083580017,104448,0.057291666666666664,0.057291666666666664,0.0,17.431818181818183,-5.239999169429595,0.9030495882034302,1.8683273792266846,0.40113234519958496,0.9827573895454407,1489,1.7175993919372559,292,0.0026814639568328857
69,68,1e-05,1e-05,1e-05,1e-05,,,0,,,,,,-0.03284570202231407,0.034348465502262115,-40.61772537231445,-0.3234391212463379,1.520405888557434,105984,0.0625,0.0625,0.0,17.104166666666668,-5.216000662098327,0.9096927642822266,1.8823950290679932,0.42421627044677734,0.9821512699127197,1490,1.69242525100708,368,0.0032053589820861816
70,69,1e-05,1e-05,1e-05,1e-05,,,0,,,,,,-0.03509713336825371,0.039614010602235794,-40.607566833496094,-0.32034367322921753,1.5140949487686157,107520,0.061197916666666664,0.061197916666666664,0.0,15.5,-5.237542725180058,0.9136237502098083,1.8951021432876587,0.4259397089481354,0.9817406535148621,1499,1.6077666282653809,326,0.006705224514007568
71,70,1.0000000000000004e-05,1.0000000000000004e-05,1.0000000000000004e-05,1.0000000000000004e-05,,,0,,,,,,-0.033184658735990524,0.03992712125182152,-40.600772857666016,-0.3180637061595917,1.4778332710266113,109056,0.061197916666666664,0.061197916666666664,0.0,16.25531914893617,-5.202891568871253,0.9136075377464294,1.8862680196762085,0.42841774225234985,0.9814646244049072,1498,1.6570987701416016,319,0.0076157450675964355
72,71,1e-05,1e-05,1e-05,1e-05,,,0,,,,,,-0.03597356006503105,0.04069007560610771,-40.59443283081055,-0.32003897428512573,1.4587301015853882,110592,0.06640625,0.06640625,0.0,16.147058823529413,-5.16391222972496,0.9210785627365112,1.9031862020492554,0.44447290897369385,0.9812876582145691,1501,1.7103674411773682,303,0.00937741994857788
73,72,1.0000000000000004e-05,1.0000000000000004e-05,1.0000000000000004e-05,1.0000000000000004e-05,,,0,,,,,,-0.03196121007204056,0.025011807680130005,-40.58638000488281,-0.33164042234420776,1.5750271081924438,112128,0.06705729166666667,0.06705729166666667,0.0,14.650485436893204,-5.0625976246769,0.930334746837616,1.9370911121368408,0.44968685507774353,0.9810108542442322,1490,1.6961028575897217,356,0.0037192702293395996
74,73,1.0000000000000004e-05,1.0000000000000004e-05,1.0000000000000004e-05,1.0000000000000004e-05,,,0,,,,,,-0.03340379521250725,0.04169122502207756,-40.57710266113281,-0.3163294494152069,1.6019989252090454,113664,0.06901041666666667,0.06901041666666667,0.0,14.59433962264151,-5.092342411155972,0.9311779737472534,1.9264570474624634,0.45637738704681396,0.9807525277137756,1496,1.8589297533035278,327,0.004969298839569092
75,74,1e-05,1e-05,1e-05,1e-05,,,0,,,,,,-0.03316326066851616,0.035529233515262604,-40.56666946411133,-0.32216736674308777,1.5508049726486206,115200,0.07291666666666667,0.07291666666666667,0.0,14.178571428571429,-5.024246247490604,0.9349039196968079,1.9445655345916748,0.46390289068222046,0.9803991317749023,1505,1.9395830631256104,297,0.0008100271224975586
76,75,1e-05,1e-05,1e-05,1e-05,,,0,,,,,,-0.03408937528729439,0.040226295590400696,-40.55756759643555,-0.3183235824108124,1.526302695274353,116736,0.06966145833333333,0.06966145833333333,0.0,14.05607476635514,-5.097646904392777,0.9397638440132141,1.9564979076385498,0.4629102647304535,0.9800460338592529,1489,1.7432374954223633,331,0.0009371638298034668
77,76,1e-05,1e-05,1e-05,1e-05,,,0,,,,,,-0.025677144527435303,0.037784330546855927,-40.55015182495117,-0.3122940957546234,1.5689034461975098,118272,0.076171875,0.076171875,0.0,13.64102564102564,-4.95617710764082,0.9345263838768005,1.9336585998535156,0.4613960087299347,0.9797857999801636,1497,1.727849006652832,312,0.0016145110130310059
78,77,1e-05,1e-05,1e-05,1e-05,,,0,,,,,,-0.029382189735770226,0.033230364322662354,-40.54142379760742,-0.3204832375049591,1.5396153926849365,119808,0.07291666666666667,0.07291666666666667,0.0,13.839285714285714,-5.005099864772387,0.9398801922798157,1.948520541191101,0.4676445722579956,0.979544460773468,1501,1.8340375423431396,300,0.0008524656295776367
79,78,1e-05,1e-05,1e-05,1e-05,,,0,,,,,,-0.030525952577590942,0.033405985683202744,-40.53010559082031,-0.32136082649230957,1.5986779928207397,121344,0.078125,0.078125,0.0,12.625,-4.925889619156718,0.945743978023529,1.9645601511001587,0.47932279109954834,0.9791964888572693,1506,1.6395981311798096,291,0.0011729896068572998
80,79,1e-05,1e-05,1e-05,1e-05,,,0,,,,,,-0.03019583784043789,0.042718496173620224,-40.51829528808594,-0.3116236925125122,1.6609896421432495,122880,0.07421875,0.07421875,0.0,13.280701754385966,-5.009865609386508,0.9398612380027771,1.9506288766860962,0.468780517578125,0.978808581829071,1506,1.9116419553756714,299,0.0008314847946166992
81,80,1e-05,1e-05,1e-05,1e-05,,,0,,,,,,-0.028705952689051628,0.033486973494291306,-40.50783920288086,-0.319281667470932,1.599617600440979,124416,0.07486979166666667,0.07486979166666667,0.0,13.304347826086957,-5.007162514033526,0.9416684508323669,1.949190378189087,0.4709581434726715,0.9783667325973511,1507,2.0266337394714355,295,0.000813901424407959
82,81,3.3750000000000014e-05,3.3750000000000014e-05,3.3750000000000014e-05,3.3750000000000014e-05,,,0,,,,,,-0.03532828018069267,0.036882396787405014,-40.49689483642578,-0.3224210739135742,1.4845699071884155,125952,0.07877604166666667,0.07877604166666667,0.0,13.239669421487603,-5.0039605557918545,0.9424343705177307,1.9606388807296753,0.4721658229827881,0.9781197905540466,1501,1.8583812713623047,300,0.0037686824798583984
83,82,1e-05,1e-05,1e-05,1e-05,,,0,,,,,,-0.027591142803430557,0.04439212754368782,-40.48836898803711,-0.30710598826408386,1.6574379205703735,127488,0.072265625,0.072265625,0.0,13.0,-5.035965757874754,0.9455426335334778,1.971157431602478,0.4771489202976227,0.977699339389801,1513,1.9075953960418701,296,0.0011415481567382812
84,83,1e-05,1e-05,1e-05,1e-05,,,0,,,,,,-0.0315319299697876,0.028058400377631187,-40.47946548461914,-0.32730934023857117,1.5948638916015625,129024,0.07942708333333333,0.07942708333333333,0.0,12.959016393442623,-4.874307799813199,0.939143717288971,1.945687174797058,0.4784591495990753,0.977473795413971,1509,2.117077350616455,307,0.0007098913192749023
85,84,1.0000000000000004e-05,1.0000000000000004e-05,1.0000000000000004e-05,1.0000000000000004e-05,,,0,,,,,,-0.02711729146540165,0.05561433359980583,-40.47062301635742,-0.2952679693698883,1.5968513488769531,130560,0.076171875,0.076171875,0.0,13.324786324786325,-4.998160426535158,0.9539059996604919,1.9798046350479126,0.48802992701530457,0.9770779609680176,1504,1.9411308765411377,309,0.0015961229801177979
86,85,1e-05,1e-05,1e-05,1e-05,,,0,,,,,,-0.031040651723742485,0.04111073911190033,-40.46590805053711,-0.3136572539806366,1.683928370475769,132096,0.07552083333333333,0.07552083333333333,0.0,12.862068965517242,-5.003865220495337,0.9400734901428223,1.9631775617599487,0.4797278344631195,0.9769057035446167,1507,2.224022388458252,269,0.000877082347869873
87,86,1e-05,1e-05,1e-05,1e-05,,,0,,,,,,-0.0304252989590168,0.03324529901146889,-40.461734771728516,-0.3208739459514618,1.626041293144226,133632,0.07942708333333333,0.07942708333333333,0.0,12.885245901639344,-4.95427156810878,0.9596832990646362,1.991265058517456,0.49375590682029724,0.9767504930496216,1516,1.8476552963256836,297,0.004341304302215576
88,87,1e-05,1e-05,1e-05,1e-05,,,0,,,,,,-0.029735172167420387,0.03729495033621788,-40.45940399169922,-0.31611543893814087,1.652237892150879,135168,0.08268229166666667,0.08268229166666667,0.0,12.448818897637794,-4.962734339997525,0.9639468193054199,2.0141468048095703,0.5070849657058716,0.9766314029693604,1499,1.873314619064331,263,0.0007068514823913574
89,88,1.0000000000000004e-05,1.0000000000000004e-05,1.0000000000000004e-05,1.0000000000000004e-05,,,0,,,,,,-0.03230592608451843,0.03738510236144066,-40.459224700927734,-0.3185945451259613,1.6711750030517578,136704,0.08333333333333333,0.08333333333333333,0.0,12.3671875,-4.9491466134972875,0.9720622301101685,2.036586046218872,0.5188586115837097,0.9765974283218384,1518,1.8368265628814697,270,0.000513911247253418
90,89,1e-05,1e-05,1e-05,1e-05,,,0,,,,,,-0.027849940583109856,0.03131182864308357,-40.45631408691406,-0.3201886713504791,1.6339253187179565,138240,0.07877604166666667,0.07877604166666667,0.0,12.347107438016529,-4.8717029840295965,0.9667589068412781,2.028014659881592,0.5126292109489441,0.9765961766242981,1514,2.03371524810791,242,0.001324087381362915
91,90,1e-05,1e-05,1e-05,1e-05,,,0,,,,,,-0.029119303449988365,0.03170419856905937,-40.45046615600586,-0.32101890444755554,1.525570273399353,139776,0.07942708333333333,0.07942708333333333,0.0,12.049180327868852,-4.856691774256893,0.9696183204650879,2.0065581798553467,0.5175133347511292,0.9764128923416138,1515,1.6849558353424072,280,0.0007710456848144531
92,91,1e-05,1e-05,1e-05,1e-05,,,0,,,,,,-0.02274532988667488,0.03203938528895378,-40.4454460144043,-0.3142695724964142,1.7975504398345947,141312,0.08333333333333333,0.08333333333333333,0.0,12.359375,-4.9279012926807635,0.9741454720497131,2.0226454734802246,0.5172993540763855,0.9762210249900818,1522,1.7595691680908203,299,0.001508474349975586
93,92,1e-05,1e-05,1e-05,1e-05,,,0,,,,,,-0.027369389310479164,0.02351847104728222,-40.441375732421875,-0.3273819386959076,1.645771861076355,142848,0.08528645833333333,0.08528645833333333,0.0,11.954198473282442,-4.863088562584106,0.9766847491264343,2.0347390174865723,0.5271170735359192,0.976060688495636,1516,1.7927947044372559,279,0.0012000799179077148
94,93,3.3750000000000014e-05,3.3750000000000014e-05,3.3750000000000014e-05,3.3750000000000014e-05,,,0,,,,,,-0.029156628996133804,0.03001747466623783,-40.43691635131836,-0.3226345181465149,1.6300569772720337,144384,0.083984375,0.083984375,0.0,11.69767441860465,-4.849022331699842,0.9807323813438416,2.056532621383667,0.52854323387146,0.9759417772293091,1511,1.9318506717681885,264,0.0009419918060302734
95,94,1e-05,1e-05,1e-05,1e-05,,,0,,,,,,-0.027779731899499893,0.0323367603123188,-40.4288444519043,-0.31887373328208923,1.6643314361572266,145920,0.08528645833333333,0.08528645833333333,0.0,11.748091603053435,-4.843802602464006,0.9908291101455688,2.072885751724243,0.5390996932983398,0.9757872819900513,1508,1.9949071407318115,252,0.0011464357376098633
96,95,1e-05,1e-05,1e-05,1e-05,,,0,,,,,,-0.029672730714082718,0.023681936785578728,-40.41806411743164,-0.3293353021144867,1.6493854522705078,147456,0.09114583333333333,0.09114583333333333,0.0,11.321428571428571,-4.828072732959477,0.9969946146011353,2.081618070602417,0.5545361638069153,0.9753884673118591,1528,1.9171648025512695,263,0.0010341405868530273
97,96,7.593750000000002e-05,7.593750000000002e-05,7.593750000000002e-05,7.593750000000002e-05,,,0,,,,,,-0.03589128702878952,0.02714158594608307,-40.401153564453125,-0.33195897936820984,1.4167410135269165,148992,0.08528645833333333,0.08528645833333333,0.0,11.458015267175572,-4.811722118326727,0.9849345088005066,2.0580687522888184,0.5356230735778809,0.9749941825866699,1501,1.8804805278778076,288,0.0018710494041442871
98,97,1e-05,1e-05,1e-05,1e-05,,,0,,,,,,-0.029324311763048172,0.03261568397283554,-40.39148712158203,-0.31984055042266846,1.703060507774353,150528,0.08854166666666667,0.08854166666666667,0.0,11.272058823529411,-4.854916671014881,0.9856634140014648,2.0682499408721924,0.5349945425987244,0.9744808077812195,1515,2.0248594284057617,296,0.0008281469345092773
99,98,1e-05,1e-05,1e-05,1e-05,,,0,,,,,,-0.029913848266005516,0.028432929888367653,-40.38215255737305,-0.3245382010936737,1.5615304708480835,152064,0.087890625,0.087890625,0.0,11.511111111111111,-4.822238183860426,0.9801154136657715,2.052126884460449,0.5302188396453857,0.9741638898849487,1518,1.7965247631072998,329,0.001357734203338623
100,99,1e-05,1e-05,1e-05,1e-05,,,0,,,,,,-0.02762206271290779,0.03777894750237465,-40.3748664855957,-0.31284210085868835,1.7848318815231323,153600,0.08919270833333333,0.08919270833333333,0.0,11.35036496350365,-4.913271883634756,0.9791786074638367,2.049957036972046,0.5292608141899109,0.9738616943359375,1518,2.3285112380981445,305,0.0006982088088989258
101,100,1e-05,1e-05,1e-05,1e-05,,,0,,,,,,-0.03116372786462307,0.02517121471464634,-40.36732864379883,-0.32893118262290955,1.6291019916534424,155136,0.08658854166666667,0.08658854166666667,0.0,11.285714285714286,-4.859366221015613,0.9805132746696472,2.0600829124450684,0.5227487683296204,0.9736669063568115,1518,2.0394232273101807,310,0.003677666187286377
102,101,1e-05,1e-05,1e-05,1e-05,,,0,,,,,,-0.02985154651105404,0.030925313010811806,-40.35770034790039,-0.32178792357444763,1.627219557762146,156672,0.08919270833333333,0.08919270833333333,0.0,11.277372262773723,-4.88420943390714,0.9733749628067017,2.0346741676330566,0.5187363028526306,0.9733597040176392,1516,1.9886832237243652,304,0.0008261799812316895
103,102,1e-05,1e-05,1e-05,1e-05,,,0,,,,,,-0.026990819722414017,0.028597349300980568,-40.349544525146484,-0.32118985056877136,1.6247080564498901,158208,0.091796875,0.091796875,0.0,11.156028368794326,-4.822916014558038,0.973635196685791,2.0498757362365723,0.523558497428894,0.9730347394943237,1515,1.7417969703674316,314,0.0009695887565612793
104,103,1e-05,1e-05,1e-05,1e-05,,,0,,,,,,-0.02478448674082756,0.03515657037496567,-40.34366226196289,-0.3123772442340851,1.6517540216445923,159744,0.08723958333333333,0.08723958333333333,0.0,11.26865671641791,-4.868197122785581,0.9712918996810913,2.043360948562622,0.5086612701416016,0.972809910774231,1521,2.087899684906006,239,0.0013873577117919922
105,104,1e-05,1e-05,1e-05,1e-05,,,0,,,,,,-0.0261529628187418,0.027777886018157005,-40.33956527709961,-0.32109156250953674,1.7203285694122314,161280,0.09049479166666667,0.09049479166666667,0.0,11.258992805755396,-4.834695205868577,0.9690167903900146,2.0264108180999756,0.5129907727241516,0.972643256187439,1510,2.0458693504333496,283,0.0008010268211364746
106,105,1e-05,1e-05,1e-05,1e-05,,,0,,,,,,-0.02729419432580471,0.030098065733909607,-40.33132553100586,-0.3198467195034027,1.6819509267807007,162816,0.08528645833333333,0.08528645833333333,0.0,11.381679389312977,-4.854679583866175,0.9765124320983887,2.054980754852295,0.5154120922088623,0.9725194573402405,1514,1.9342455863952637,291,0.0007045865058898926
107,106,1.5000000000000005e-05,1.5000000000000005e-05,1.5000000000000005e-05,1.5000000000000005e-05,,,0,,,,,,-0.028560390695929527,0.028873426839709282,-40.32097244262695,-0.3222547769546509,1.749803900718689,164352,0.08723958333333333,0.08723958333333333,0.0,11.14179104477612,-4.8161769236735426,0.9802517890930176,2.04904842376709,0.5239647626876831,0.972098708152771,1515,1.9457519054412842,258,0.002701014280319214
108,107,1e-05,1e-05,1e-05,1e-05,,,0,,,,,,-0.03251457214355469,0.030504221096634865,-40.312252044677734,-0.3245084285736084,1.676836609840393,165888,0.09049479166666667,0.09049479166666667,0.0,11.496402877697841,-4.880565738086222,0.9712889790534973,2.058095932006836,0.519335150718689,0.9718562960624695,1511,2.1079864501953125,257,0.0007083415985107422
109,108,1.0000000000000004e-05,1.0000000000000004e-05,1.0000000000000004e-05,1.0000000000000004e-05,,,0,,,,,,-0.031846173107624054,0.027918661013245583,-40.30057907104492,-0.3263321816921234,1.6187301874160767,167424,0.08854166666666667,0.08854166666666667,0.0,11.147058823529411,-4.826443465203047,0.9714109897613525,2.042985439300537,0.5172000527381897,0.9714527130126953,1517,1.9166669845581055,261,0.0007465481758117676
110,109,1.0000000000000004e-05,1.0000000000000004e-05,1.0000000000000004e-05,1.0000000000000004e-05,,,0,,,,,,-0.03216170147061348,0.0287352055311203,-40.289913177490234,-0.3257458806037903,1.6504191160202026,168960,0.09114583333333333,0.09114583333333333,0.0,11.207142857142857,-4.817835225637471,0.9776228666305542,2.048736095428467,0.5139750838279724,0.9710866808891296,1513,2.254620313644409,236,0.0006417036056518555
111,110,2.2500000000000008e-05,2.2500000000000008e-05,2.2500000000000008e-05,2.2500000000000008e-05,,,0,,,,,,-0.037047404795885086,0.021876521408557892,-40.276763916015625,-0.33738502860069275,1.5128802061080933,170496,0.08723958333333333,0.08723958333333333,0.0,11.126865671641792,-4.793724178191441,0.9669190049171448,2.0224926471710205,0.5059120655059814,0.9707194566726685,1509,2.4384262561798096,265,0.0007553696632385254
112,111,1e-05,1e-05,1e-05,1e-05,,,0,,,,,,-0.0256215687841177,0.021653203293681145,-40.264122009277344,-0.32608136534690857,1.660954475402832,172032,0.08854166666666667,0.08854166666666667,0.0,11.382352941176471,-4.794388874874395,0.980825662612915,2.0541067123413086,0.5179897546768188,0.9703027009963989,1510,1.8388235569000244,249,0.0008994936943054199
113,112,1.0000000000000004e-05,1.0000000000000004e-05,1.0000000000000004e-05,1.0000000000000004e-05,,,0,,,,,,-0.02912071719765663,0.023835090920329094,-40.25161361694336,-0.32729849219322205,1.5531967878341675,173568,0.08984375,0.08984375,0.0,11.166666666666666,-4.789653497631997,0.9870136380195618,2.066309690475464,0.5262966752052307,0.9698317646980286,1501,1.9197993278503418,218,0.0009258389472961426
114,113,1.0000000000000004e-05,1.0000000000000004e-05,1.0000000000000004e-05,1.0000000000000004e-05,,,0,,,,,,-0.028395432978868484,0.03167185187339783,-40.24100875854492,-0.3186516761779785,1.716726303100586,175104,0.09244791666666667,0.09244791666666667,0.0,11.091549295774648,-4.809867445452952,0.9912579655647278,2.0863354206085205,0.5314878225326538,0.9694563150405884,1521,1.8693809509277344,261,0.0007908344268798828
115,114,7.593750000000002e-05,7.593750000000002e-05,7.593750000000002e-05,7.593750000000002e-05,,,0,,,,,,-0.037360768765211105,0.019804736599326134,-40.22584533691406,-0.33936282992362976,1.4839285612106323,176640,0.08854166666666667,0.08854166666666667,0.0,11.264705882352942,-4.786327863081415,0.9822864532470703,2.064143657684326,0.5254698395729065,0.9690877795219421,1517,2.144962787628174,233,0.004605650901794434
116,115,1e-05,1e-05,1e-05,1e-05,,,0,,,,,,-0.028258485719561577,0.031855612993240356,-40.212974548339844,-0.31810668110847473,1.6838184595108032,178176,0.08723958333333333,0.08723958333333333,0.0,11.246268656716419,-4.817938232582008,0.9875974059104919,2.0868000984191895,0.5331692695617676,0.9686547517776489,1512,1.954958200454712,242,0.0007819533348083496
117,116,1e-05,1e-05,1e-05,1e-05,,,0,,,,,,-0.028090601786971092,0.025618189945816994,-40.19559860229492,-0.3240372836589813,1.739821434020996,179712,0.08723958333333333,0.08723958333333333,0.0,11.246268656716419,-4.804180673245175,0.984671950340271,2.069770097732544,0.5248133540153503,0.9680784344673157,1518,2.0687193870544434,235,0.000922858715057373
118,117,1e-05,1e-05,1e-05,1e-05,,,0,,,,,,-0.029113605618476868,0.037085648626089096,-40.18183898925781,-0.31348273158073425,1.5031428337097168,181248,0.08984375,0.08984375,0.0,11.36231884057971,-4.817991000940835,0.9889815449714661,2.0751397609710693,0.5315920114517212,0.9674954414367676,1512,2.213951349258423,263,0.0010678470134735107
119,118,1e-05,1e-05,1e-05,1e-05,,,0,,,,,,-0.030416538938879967,0.03178837522864342,-40.17068099975586,-0.31999364495277405,1.6568354368209839,182784,0.091796875,0.091796875,0.0,11.120567375886525,-4.822374448843881,0.9879080057144165,2.078439950942993,0.5349211692810059,0.9671399593353271,1513,2.1789698600769043,255,0.0011136233806610107
120,119,1e-05,1e-05,1e-05,1e-05,,,0,,,,,,-0.032123174518346786,0.03741569444537163,-40.15837478637695,-0.3159744441509247,1.6028079986572266,184320,0.08658854166666667,0.08658854166666667,0.0,11.112781954887218,-4.809302198913758,0.9770348072052002,2.0724058151245117,0.5271766781806946,0.9667631983757019,1517,1.8840179443359375,261,0.0007308125495910645
121,120,1.0000000000000004e-05,1.0000000000000004e-05,1.0000000000000004e-05,1.0000000000000004e-05,,,0,,,,,,-0.031583454459905624,0.023666469380259514,-40.14713668823242,-0.3290940821170807,1.646859049797058,185856,0.09309895833333333,0.09309895833333333,0.0,10.615384615384615,-4.780914156853738,0.9982092976570129,2.1084465980529785,0.5493777394294739,0.9662963151931763,1511,2.068932056427002,225,0.0006785988807678223
122,121,1e-05,1e-05,1e-05,1e-05,,,0,,,,,,-0.028794899582862854,0.028099466115236282,-40.1390495300293,-0.3218078315258026,1.726620078086853,187392,0.09375,0.09375,0.0,10.875,-4.823578947550722,0.9945886731147766,2.0951602458953857,0.5365652441978455,0.966029167175293,1508,2.1292777061462402,275,0.0018686950206756592
123,122,1e-05,1e-05,1e-05,1e-05,,,0,,,,,,-0.03079983964562416,0.02639458142220974,-40.1303825378418,-0.3254483640193939,1.6862491369247437,188928,0.09309895833333333,0.09309895833333333,0.0,10.881118881118882,-4.818544346811053,0.9890694618225098,2.093043565750122,0.5410740375518799,0.9657676815986633,1515,1.9031479358673096,234,0.000722050666809082
124,123,1.0000000000000004e-05,1.0000000000000004e-05,1.0000000000000004e-05,1.0000000000000004e-05,,,0,,,,,,-0.030249614268541336,0.025446027517318726,-40.11692810058594,-0.3257389962673187,1.6907237768173218,190464,0.09244791666666667,0.09244791666666667,0.0,10.82394366197183,-4.762858171068445,0.9938488006591797,2.1025993824005127,0.5437701940536499,0.9654541015625,1511,2.0217061042785645,278,0.0010008513927459717
125,124,1.0000000000000004e-05,1.0000000000000004e-05,1.0000000000000004e-05,1.0000000000000004e-05,,,0,,,,,,-0.032745297998189926,0.026448974385857582,-40.10061264038086,-0.3271012306213379,1.6498304605484009,192000,0.09309895833333333,0.09309895833333333,0.0,10.608391608391608,-4.797263205743338,0.9834563136100769,2.0696587562561035,0.5300561785697937,0.9648230671882629,1514,2.5953261852264404,239,0.0011373460292816162
126,125,1e-05,1e-05,1e-05,1e-05,,,0,,,,,,-0.03255995735526085,0.02079639956355095,-40.090389251708984,-0.33248671889305115,1.7142711877822876,193536,0.09114583333333333,0.09114583333333333,0.0,10.82857142857143,-4.767355268205915,0.9910210967063904,2.0876736640930176,0.5368227958679199,0.9644268751144409,1511,2.271289348602295,281,0.002739518880844116
127,126,1e-05,1e-05,1e-05,1e-05,,,0,,,,,,-0.027566561475396156,0.021502569317817688,-40.07948303222656,-0.3266998529434204,1.6695778369903564,195072,0.09049479166666667,0.09049479166666667,0.0,11.043165467625899,-4.773887824943599,0.9814030528068542,2.059028148651123,0.5281493663787842,0.9641209840774536,1517,2.482848644256592,278,0.000988304615020752
128,127,1e-05,1e-05,1e-05,1e-05,,,0,,,,,,-0.028160054236650467,0.024987848475575447,-40.06966781616211,-0.323729544878006,1.7093311548233032,196608,0.09700520833333333,0.09700520833333333,0.0,10.711409395973154,-4.7698505234558315,0.9946343302726746,2.0935473442077637,0.544128954410553,0.9637247920036316,1518,2.043299913406372,270,0.0008367300033569336
129,128,1e-05,1e-05,1e-05,1e-05,,,0,,,,,,-0.028060605749487877,0.02713101916015148,-40.06066131591797,-0.32141488790512085,1.6711682081222534,198144,0.09505208333333333,0.09505208333333333,0.0,10.575342465753424,-4.814757876453336,0.9929404258728027,2.0977213382720947,0.5382902026176453,0.9634721875190735,1515,2.0062649250030518,287,0.0009436309337615967
130,129,1e-05,1e-05,1e-05,1e-05,,,0,,,,,,-0.034745704382658005,0.02266455441713333,-40.04804229736328,-0.3324655294418335,1.568083643913269,199680,0.08984375,0.08984375,0.0,10.905797101449275,-4.8048522273094765,0.983476459980011,2.071622610092163,0.5367318391799927,0.9631140828132629,1515,1.9525833129882812,295,0.001669466495513916
131,130,1.0000000000000004e-05,1.0000000000000004e-05,1.0000000000000004e-05,1.0000000000000004e-05,,,0,,,,,,-0.026901690289378166,0.022608328610658646,-40.03875732421875,-0.32460346817970276,1.738983392715454,201216,0.09309895833333333,0.09309895833333333,0.0,10.76923076923077,-4.756280693432668,0.9864835143089294,2.074272632598877,0.5391267538070679,0.9626219272613525,1519,2.4380605220794678,321,0.0007843077182769775
132,131,1e-05,1e-05,1e-05,1e-05,,,0,,,,,,-0.03018476441502571,0.03116631880402565,-40.034446716308594,-0.3192940056324005,1.5922268629074097,202752,0.09244791666666667,0.09244791666666667,0.0,10.654929577464788,-4.78346677435116,1.0016330480575562,2.118372678756714,0.5571241974830627,0.9625240564346313,1520,2.1602156162261963,260,0.003516554832458496
133,132,1.0000000000000004e-05,1.0000000000000004e-05,1.0000000000000004e-05,1.0000000000000004e-05,,,0,,,,,,-0.030411168932914734,0.0212570633739233,-40.02500534057617,-0.32935410737991333,1.6066149473190308,204288,0.09440104166666667,0.09440104166666667,0.0,10.689655172413794,-4.7222707549415786,0.9953869581222534,2.0999903678894043,0.5652838349342346,0.9623069167137146,1512,2.1409430503845215,235,0.0007158517837524414
134,133,1e-05,1e-05,1e-05,1e-05,,,0,,,,,,-0.02848874032497406,0.01686706207692623,-40.01565170288086,-0.331746906042099,1.6988295316696167,205824,0.09309895833333333,0.09309895833333333,0.0,10.587412587412587,-4.686449951658718,0.9959562420845032,2.0947158336639404,0.5557358860969543,0.9619340300559998,1517,2.1979124546051025,265,0.0006792545318603516
135,134,1e-05,1e-05,1e-05,1e-05,,,0,,,,,,-0.028960606083273888,0.02376040816307068,-40.00542068481445,-0.32524359226226807,1.7818816900253296,207360,0.09375,0.09375,0.0,10.868055555555555,-4.77209198647903,0.9924841523170471,2.092000722885132,0.5509476661682129,0.9616948366165161,1521,2.153459072113037,261,0.0006829500198364258
136,135,1e-05,1e-05,1e-05,1e-05,,,0,,,,,,-0.028507674112915993,0.024135885760188103,-39.992122650146484,-0.32430875301361084,1.7348759174346924,208896,0.09244791666666667,0.09244791666666667,0.0,10.67605633802817,-4.733816034743484,0.9895184636116028,2.0687694549560547,0.5481828451156616,0.9612484574317932,1509,2.104280471801758,296,0.0009062290191650391
137,136,0.00011390625000000003,0.00011390625000000003,0.00011390625000000003,0.00011390625000000003,,,0,,,,,,-0.040238913148641586,0.02042482979595661,-39.96553421020508,-0.33953842520713806,1.478509545326233,210432,0.09505208333333333,0.09505208333333333,0.0,10.650684931506849,-4.73405750339162,0.9998809099197388,2.0968117713928223,0.5569156408309937,0.960771918296814,1520,2.539123058319092,290,0.0008502602577209473
138,137,1e-05,1e-05,1e-05,1e-05,,,0,,,,,,-0.025621352717280388,0.024025732651352882,-39.95298385620117,-0.3212195634841919,1.7765934467315674,211968,0.09700520833333333,0.09700520833333333,0.0,10.557046979865772,-4.7362208431279065,0.9909634590148926,2.0926730632781982,0.5493096709251404,0.9599056839942932,1518,2.208829164505005,302,0.0007569789886474609
139,138,1e-05,1e-05,1e-05,1e-05,,,0,,,,,,-0.028421109542250633,0.023712683469057083,-39.94215393066406,-0.3242456316947937,1.743747591972351,213504,0.09309895833333333,0.09309895833333333,0.0,10.524475524475525,-4.742362079620359,1.0014753341674805,2.109592914581299,0.5667997598648071,0.9596135020256042,1520,2.1987509727478027,294,0.0010961294174194336
140,139,7.593750000000002e-05,7.593750000000002e-05,7.593750000000002e-05,7.593750000000002e-05,,,0,,,,,,-0.03892388194799423,0.02069920115172863,-39.92525863647461,-0.33762675523757935,1.690452218055725,215040,0.095703125,0.095703125,0.0,10.63265306122449,-4.770617039471255,0.9970318078994751,2.1005003452301025,0.5681548714637756,0.9590833187103271,1518,2.185131311416626,281,0.0007004737854003906
141,140,1e-05,1e-05,1e-05,1e-05,,,0,,,,,,-0.02925492823123932,0.024003198370337486,-39.91990280151367,-0.32461094856262207,1.7277854681015015,216576,0.09765625,0.09765625,0.0,10.266666666666667,-4.739182404700917,1.0200448036193848,2.1585853099823,0.5899143218994141,0.9587367177009583,1527,2.3144378662109375,293,0.0010949969291687012
142,141,1e-05,1e-05,1e-05,1e-05,,,0,,,,,,-0.02990368939936161,0.021749794483184814,-39.9111442565918,-0.32744309306144714,1.7931312322616577,218112,0.09309895833333333,0.09309895833333333,0.0,10.244755244755245,-4.731922804675737,1.004472255706787,2.126692533493042,0.5747572183609009,0.9585832357406616,1523,2.1968798637390137,266,0.0009586811065673828
143,142,1e-05,1e-05,1e-05,1e-05,,,0,,,,,,-0.02924884855747223,0.02234356664121151,-39.89870834350586,-0.32609495520591736,1.816910982131958,219648,0.103515625,0.103515625,0.0,10.220125786163521,-4.7429374297384985,1.003928542137146,2.124512195587158,0.5736509561538696,0.95816969871521,1520,2.2087783813476562,292,0.0024664998054504395
144,143,1e-05,1e-05,1e-05,1e-05,,,0,,,,,,-0.02849721349775791,0.02358854189515114,-39.890445709228516,-0.32403215765953064,1.7451063394546509,221184,0.09635416666666667,0.09635416666666667,0.0,10.128378378378379,-4.744237089640385,1.0135914087295532,2.1515767574310303,0.5814604759216309,0.9577852487564087,1525,2.607841968536377,285,0.0007966756820678711
145,144,1e-05,1e-05,1e-05,1e-05,,,0,,,,,,-0.024164734408259392,0.02538461424410343,-39.88596725463867,-0.31786784529685974,1.8670958280563354,222720,0.09895833333333333,0.09895833333333333,0.0,10.31578947368421,-4.741961712641151,1.0084750652313232,2.1347615718841553,0.5816664099693298,0.9576277136802673,1522,2.17815899848938,271,0.0017533302307128906
146,145,1e-05,1e-05,1e-05,1e-05,,,0,,,,,,-0.025715693831443787,0.029476288706064224,-39.87950134277344,-0.3152754008769989,1.7915724515914917,224256,0.09309895833333333,0.09309895833333333,0.0,10.321678321678322,-4.778185437625937,1.0052690505981445,2.12637996673584,0.5746644735336304,0.9574663639068604,1523,2.101252555847168,269,0.0007466673851013184
147,146,0.00011390625000000003,0.00011390625000000003,0.00011390625000000003,0.00011390625000000003,,,0,,,,,,-0.037660807371139526,0.025587474927306175,-39.864501953125,-0.33098939061164856,1.651013970375061,225792,0.10091145833333333,0.10091145833333333,0.0,10.154838709677419,-4.725864009934086,1.0219130516052246,2.156670331954956,0.5929468274116516,0.957135796546936,1524,2.0747833251953125,269,0.0016185343265533447
148,147,1e-05,1e-05,1e-05,1e-05,,,0,,,,,,-0.028335416689515114,0.02513945661485195,-39.85575485229492,-0.3220420181751251,1.7260452508926392,227328,0.095703125,0.095703125,0.0,10.45578231292517,-4.771685091265204,1.0013983249664307,2.106900691986084,0.5774143934249878,0.9567053914070129,1522,2.162297010421753,297,0.0007872581481933594
149,148,1e-05,1e-05,1e-05,1e-05,,,0,,,,,,-0.03252965956926346,0.01994737610220909,-39.84358596801758,-0.33133095502853394,1.8088111877441406,228864,0.09830729166666667,0.09830729166666667,0.0,10.052980132450331,-4.717521273170086,1.0320950746536255,2.1865875720977783,0.6001200079917908,0.9564014077186584,1532,2.6106765270233154,286,0.000806272029876709
150,149,1.0000000000000004e-05,1.0000000000000004e-05,1.0000000000000004e-05,1.0000000000000004e-05,,,0,,,,,,-0.030190303921699524,0.01633055880665779,-39.82794952392578,-0.33248335123062134,1.7829269170761108,230400,0.10091145833333333,0.10091145833333333,0.0,10.07741935483871,-4.675443140145273,1.01371431350708,2.152353048324585,0.5833904147148132,0.9558922648429871,1527,2.5253705978393555,279,0.0025562644004821777
151,150,1e-05,1e-05,1e-05,1e-05,,,0,,,,,,-0.02672489546239376,0.02208283357322216,-39.814876556396484,-0.3231610655784607,1.8051820993423462,231936,0.09765625,0.09765625,0.0,10.293333333333333,-4.728062046809993,1.0199038982391357,2.151160717010498,0.5919766426086426,0.9553943276405334,1522,2.490835428237915,264,0.0009213685989379883
152,151,1e-05,1e-05,1e-05,1e-05,,,0,,,,,,-0.0276739951223135,0.015100426971912384,-39.804134368896484,-0.3310066759586334,1.8444368839263916,233472,0.09765625,0.09765625,0.0,9.993333333333334,-4.650287256312367,1.0317397117614746,2.189440965652466,0.5981335639953613,0.9550521373748779,1527,2.663409471511841,249,0.0007386207580566406
153,152,1e-05,1e-05,1e-05,1e-05,,,0,,,,,,-0.022019734606146812,0.023308146744966507,-39.79377365112305,-0.31706178188323975,1.9219950437545776,235008,0.10091145833333333,0.10091145833333333,0.0,10.07741935483871,-4.702504418611526,1.0169382095336914,2.1578385829925537,0.5818166136741638,0.9546505212783813,1519,2.0456135272979736,277,0.0007565021514892578
154,153,3.3750000000000014e-05,3.3750000000000014e-05,3.3750000000000014e-05,3.3750000000000014e-05,,,0,,,,,,-0.033786553889513016,0.02494656853377819,-39.78192901611328,-0.32709547877311707,1.8539568185806274,236544,0.09830729166666667,0.09830729166666667,0.0,10.0,-4.717962223701919,1.0302228927612305,2.193150043487549,0.6015982627868652,0.9543888568878174,1523,2.475844383239746,278,0.0008621811866760254
155,154,1.0000000000000004e-05,1.0000000000000004e-05,1.0000000000000004e-05,1.0000000000000004e-05,,,0,,,,,,-0.02929321490228176,0.01585070788860321,-39.76866149902344,-0.33159181475639343,1.7682390213012695,238080,0.10091145833333333,0.10091145833333333,0.0,9.974193548387097,-4.680551344779231,1.0194056034088135,2.1715362071990967,0.5936833620071411,0.953887403011322,1525,2.398918628692627,249,0.0010169148445129395
156,155,1e-05,1e-05,1e-05,1e-05,,,0,,,,,,-0.025332389399409294,0.022362064570188522,-39.758541107177734,-0.32103869318962097,1.8931907415390015,239616,0.1015625,0.1015625,0.0,10.096153846153847,-4.725001993278664,1.0195761919021606,2.1483092308044434,0.589954674243927,0.9534850716590881,1525,2.587129592895508,272,0.004531174898147583
157,156,1e-05,1e-05,1e-05,1e-05,,,0,,,,,,-0.022551951929926872,0.017883270978927612,-39.75178909301758,-0.3226830065250397,1.9926265478134155,241152,0.1015625,0.1015625,0.0,9.743589743589743,-4.660761990898697,1.0477243661880493,2.2311949729919434,0.6152105331420898,0.953246533870697,1522,2.7153103351593018,214,0.0007197260856628418
158,157,0.00011390625000000003,0.00011390625000000003,0.00011390625000000003,0.00011390625000000003,,,0,,,,,,-0.02775541879236698,0.02284623496234417,-39.7367057800293,-0.322802871465683,1.8404531478881836,242688,0.10221354166666667,0.10221354166666667,0.0,9.94267515923567,-4.717908624281551,1.0389585494995117,2.208083152770996,0.6176791191101074,0.9529373049736023,1518,2.847050189971924,252,0.0006587505340576172
159,158,1e-05,1e-05,1e-05,1e-05,,,0,,,,,,-0.028695855289697647,0.02200957015156746,-39.72407150268555,-0.32447895407676697,1.8200130462646484,244224,0.09765625,0.09765625,0.0,9.98,-4.711182000931101,1.0265421867370605,2.178823471069336,0.5999401807785034,0.9525178074836731,1518,2.602832317352295,252,0.0017832815647125244
160,159,1e-05,1e-05,1e-05,1e-05,,,0,,,,,,-0.030162332579493523,0.018460847437381744,-39.708282470703125,-0.3293677568435669,1.8236274719238281,245760,0.099609375,0.099609375,0.0,10.091503267973856,-4.70073827416289,1.020337700843811,2.158794403076172,0.590688169002533,0.951921820640564,1509,2.5523664951324463,267,0.000755012035369873
161,160,1.0000000000000004e-05,1.0000000000000004e-05,1.0000000000000004e-05,1.0000000000000004e-05,,,0,,,,,,-0.030144963413476944,0.01984664984047413,-39.697998046875,-0.3278822898864746,1.868290901184082,247296,0.09505208333333333,0.09505208333333333,0.0,10.287671232876713,-4.73742734678804,1.0200376510620117,2.1590607166290283,0.5857462286949158,0.951494574546814,1523,2.55654239654541,265,0.0006818175315856934
162,161,1e-05,1e-05,1e-05,1e-05,,,0,,,,,,-0.029025239869952202,0.018649987876415253,-39.68661117553711,-0.32786810398101807,1.793845772743225,248832,0.10026041666666667,0.10026041666666667,0.0,10.162337662337663,-4.6938603432999,1.0200660228729248,2.1513798236846924,0.5868955850601196,0.9512278437614441,1522,2.6704063415527344,301,0.000671088695526123
163,162,1e-05,1e-05,1e-05,1e-05,,,0,,,,,,-0.032373566180467606,0.01831929385662079,-39.670955657958984,-0.33142197132110596,1.7759274244308472,250368,0.09765625,0.09765625,0.0,10.386666666666667,-4.701080789057414,0.9991064667701721,2.1257004737854004,0.5660927891731262,0.9507374167442322,1508,2.6438217163085938,285,0.0012490153312683105
164,163,1e-05,1e-05,1e-05,1e-05,,,0,,,,,,-0.030943959951400757,0.02020193450152874,-39.655517578125,-0.3279862105846405,1.9217547178268433,251904,0.095703125,0.095703125,0.0,10.095238095238095,-4.694894910166863,1.0198673009872437,2.152916669845581,0.5799956917762756,0.9502273797988892,1519,2.4721086025238037,268,0.0008802711963653564
165,164,1.0000000000000004e-05,1.0000000000000004e-05,1.0000000000000004e-05,1.0000000000000004e-05,,,0,,,,,,-0.031148260459303856,0.01681469939649105,-39.63971710205078,-0.3314513862133026,1.804357886314392,253440,0.10221354166666667,0.10221354166666667,0.0,10.089171974522293,-4.702010477485172,1.0264993906021118,2.1728062629699707,0.5867059826850891,0.9497017860412598,1528,2.5483832359313965,312,0.002965569496154785
166,165,1e-05,1e-05,1e-05,1e-05,,,0,,,,,,-0.031183699145913124,0.017216136679053307,-39.62512969970703,-0.33096858859062195,1.7598183155059814,254976,0.09830729166666667,0.09830729166666667,0.0,9.940397350993377,-4.708700658114539,1.0076360702514648,2.132538318634033,0.5671011805534363,0.9492297768592834,1512,2.3258092403411865,281,0.0012487471103668213
167,166,1e-05,1e-05,1e-05,1e-05,,,0,,,,,,-0.0331791527569294,0.02038067951798439,-39.609458923339844,-0.3296741545200348,1.767099380493164,256512,0.10026041666666667,0.10026041666666667,0.0,10.142857142857142,-4.706573877241705,1.0093718767166138,2.144258737564087,0.5786713361740112,0.9487371444702148,1520,2.462209701538086,326,0.0009406208992004395
168,167,1.0000000000000004e-05,1.0000000000000004e-05,1.0000000000000004e-05,1.0000000000000004e-05,,,0,,,,,,-0.031082749366760254,0.01608920656144619,-39.59597396850586,-0.3317613899707794,1.8037782907485962,258048,0.09765625,0.09765625,0.0,10.066666666666666,-4.720192263293266,1.0075867176055908,2.1398532390594482,0.5723415017127991,0.9481844902038574,1524,2.320889949798584,282,0.000702977180480957
169,168,1e-05,1e-05,1e-05,1e-05,,,0,,,,,,-0.024698752909898758,0.020550793036818504,-39.58761215209961,-0.32084891200065613,1.8123520612716675,259584,0.09895833333333333,0.09895833333333333,0.0,10.032894736842104,-4.700881890297722,1.006496787071228,2.131758213043213,0.5722280144691467,0.9478710889816284,1519,2.5588691234588623,314,0.001096963882446289
170,169,1e-05,1e-05,1e-05,1e-05,,,0,,,,,,-0.026101646944880486,0.015256459824740887,-39.57783126831055,-0.32746782898902893,1.8199394941329956,261120,0.103515625,0.103515625,0.0,10.025157232704403,-4.6492198583539945,1.012673020362854,2.133103370666504,0.5801926851272583,0.9476404190063477,1517,2.557241201400757,276,0.0011317133903503418
171,170,1e-05,1e-05,1e-05,1e-05,,,0,,,,,,-0.024792557582259178,0.014155566692352295,-39.566471099853516,-0.3271687924861908,1.9664287567138672,262656,0.09765625,0.09765625,0.0,10.08,-4.6425968957900965,1.018476963043213,2.144627332687378,0.5896583199501038,0.9472423195838928,1515,2.819129705429077,240,0.0007744431495666504
172,171,1e-05,1e-05,1e-05,1e-05,,,0,,,,,,-0.025325311347842216,0.019260726869106293,-39.55528259277344,-0.3225068747997284,1.8630437850952148,264192,0.09765625,0.09765625,0.0,9.953333333333333,-4.702662200856213,1.022173285484314,2.165842056274414,0.5983312129974365,0.9468930959701538,1522,2.573606014251709,237,0.0007602572441101074
173,172,2.2500000000000008e-05,2.2500000000000008e-05,2.2500000000000008e-05,2.2500000000000008e-05,,,0,,,,,,-0.0320817269384861,0.01920298859477043,-39.541053771972656,-0.3292072117328644,1.8284730911254883,265728,0.10221354166666667,0.10221354166666667,0.0,10.0,-4.675872056043829,1.0261049270629883,2.172915458679199,0.605071485042572,0.946503221988678,1519,2.7502856254577637,298,0.000748753547668457
174,173,1e-05,1e-05,1e-05,1e-05,,,0,,,,,,-0.03130921721458435,0.019089868292212486,-39.52870559692383,-0.32844898104667664,1.8508427143096924,267264,0.103515625,0.103515625,0.0,9.924528301886792,-4.6711794238982725,1.0278420448303223,2.1878085136413574,0.607013463973999,0.9460216164588928,1525,2.362501382827759,254,0.000895380973815918
175,174,1e-05,1e-05,1e-05,1e-05,,,0,,,,,,-0.024875929579138756,0.029819754883646965,-39.518798828125,-0.3112066090106964,1.7668190002441406,268800,0.095703125,0.095703125,0.0,9.870748299319727,-4.6841013090383425,1.0289711952209473,2.1733851432800293,0.6095225214958191,0.945631206035614,1520,2.471325159072876,259,0.0008594989776611328
176,175,1e-05,1e-05,1e-05,1e-05,,,0,,,,,,-0.02881493978202343,0.017267223447561264,-39.510311126708984,-0.3276302218437195,1.95018470287323,270336,0.10677083333333333,0.10677083333333333,0.0,9.859756097560975,-4.647552098359278,1.018099069595337,2.1748440265655518,0.6044297814369202,0.9453889727592468,1518,2.744386672973633,280,0.000855863094329834
177,176,1e-05,1e-05,1e-05,1e-05,,,0,,,,,,-0.03486425802111626,0.018431568518280983,-39.4973258972168,-0.3324112892150879,1.7305313348770142,271872,0.1015625,0.1015625,0.0,10.057692307692308,-4.689247567584881,1.0077083110809326,2.123652458190918,0.5916686058044434,0.9450520277023315,1520,2.4609529972076416,258,0.0010135173797607422
178,177,1e-05,1e-05,1e-05,1e-05,,,0,,,,,,-0.025478262454271317,0.017349883913993835,-39.48681640625,-0.32402294874191284,1.8948602676391602,273408,0.09635416666666667,0.09635416666666667,0.0,9.905405405405405,-4.66408473061146,1.0169799327850342,2.167921543121338,0.5983093976974487,0.9445642828941345,1514,2.530364751815796,258,0.000830233097076416
179,178,1e-05,1e-05,1e-05,1e-05,,,0,,,,,,-0.030193829908967018,0.017341209575533867,-39.47941970825195,-0.32868796586990356,1.8358783721923828,274944,0.10221354166666667,0.10221354166666667,0.0,10.031847133757962,-4.680904818568259,1.030621886253357,2.1992859840393066,0.6074115037918091,0.9443673491477966,1520,2.412498950958252,243,0.002165496349334717
180,179,1e-05,1e-05,1e-05,1e-05,,,0,,,,,,-0.026341943070292473,0.022291680797934532,-39.47190475463867,-0.31982550024986267,1.6812717914581299,276480,0.09895833333333333,0.09895833333333333,0.0,9.907894736842104,-4.61080159009287,1.024266242980957,2.1721441745758057,0.6068283319473267,0.9440893530845642,1514,2.462139844894409,235,0.0020261406898498535
181,180,1e-05,1e-05,1e-05,1e-05,,,0,,,,,,-0.025422194972634315,0.015053823590278625,-39.46583557128906,-0.3260950446128845,2.0672357082366943,278016,0.10611979166666667,0.10611979166666667,0.0,9.631901840490798,-4.670452054106387,1.0296701192855835,2.189804792404175,0.6200606822967529,0.9438772797584534,1527,2.8218181133270264,245,0.0006977319717407227
182,181,1e-05,1e-05,1e-05,1e-05,,,0,,,,,,-0.02955925464630127,0.019306180998682976,-39.45632553100586,-0.32590365409851074,1.8780968189239502,279552,0.099609375,0.099609375,0.0,9.542483660130719,-4.644322647888676,1.033085823059082,2.1979172229766846,0.6204654574394226,0.94368577003479,1518,2.803922653198242,247,0.0014095604419708252
183,182,1.5000000000000005e-05,1.5000000000000005e-05,1.5000000000000005e-05,1.5000000000000005e-05,,,0,,,,,,-0.028555339202284813,0.022153383120894432,-39.4430046081543,-0.32194599509239197,1.778476357460022,281088,0.10546875,0.10546875,0.0,9.808641975308642,-4.651563257435222,1.035776138305664,2.197305202484131,0.6245279312133789,0.9432075023651123,1527,2.4497296810150146,274,0.0006906986236572266
184,183,1e-05,1e-05,1e-05,1e-05,,,0,,,,,,-0.026954874396324158,0.016094084829092026,-39.433204650878906,-0.3263264298439026,1.9318026304244995,282624,0.10286458333333333,0.10286458333333333,0.0,9.69620253164557,-4.670767827607408,1.0302847623825073,2.1791512966156006,0.6192367672920227,0.9429172277450562,1523,2.6075892448425293,264,0.0007711052894592285
185,184,1e-05,1e-05,1e-05,1e-05,,,0,,,,,,-0.029275640845298767,0.014927014708518982,-39.42269515991211,-0.32973018288612366,1.9237335920333862,284160,0.10286458333333333,0.10286458333333333,0.0,9.664556962025317,-4.648515497249894,1.0388705730438232,2.2016358375549316,0.6305404901504517,0.9425531029701233,1523,2.5555763244628906,274,0.0008910298347473145
186,185,1e-05,1e-05,1e-05,1e-05,,,0,,,,,,-0.025925373658537865,0.0160614512860775,-39.41209030151367,-0.3251606523990631,2.0834364891052246,285696,0.10807291666666667,0.10807291666666667,0.0,9.355421686746988,-4.618967385234605,1.0524348020553589,2.2437593936920166,0.6453195810317993,0.942212700843811,1527,2.8653724193573,227,0.0016244053840637207
187,186,5.062500000000002e-05,5.062500000000002e-05,5.062500000000002e-05,5.062500000000002e-05,,,0,,,,,,-0.035696543753147125,0.015441725961863995,-39.39805221557617,-0.3354392647743225,1.893635630607605,287232,0.103515625,0.103515625,0.0,9.38993710691824,-4.644485246670319,1.0459692478179932,2.2298293113708496,0.6398103833198547,0.9418346285820007,1520,2.5875563621520996,229,0.0010160207748413086
188,187,1e-05,1e-05,1e-05,1e-05,,,0,,,,,,-0.025148117914795876,0.016504140570759773,-39.38943862915039,-0.323759526014328,2.0314524173736572,288768,0.109375,0.109375,0.0,9.5,-4.650809346962542,1.0432523488998413,2.2224414348602295,0.6394866108894348,0.9414446353912354,1517,2.496058225631714,247,0.0007592439651489258
189,188,1e-05,1e-05,1e-05,1e-05,,,0,,,,,,-0.030090544372797012,0.016648074612021446,-39.37776565551758,-0.3284645676612854,1.9181957244873047,290304,0.10286458333333333,0.10286458333333333,0.0,9.658227848101266,-4.653108138253417,1.0329298973083496,2.1853692531585693,0.6292752027511597,0.9411550760269165,1521,2.5298891067504883,245,0.0007143020629882812
190,189,1e-05,1e-05,1e-05,1e-05,,,0,,,,,,-0.03059099055826664,0.013993206433951855,-39.36355972290039,-0.33150628209114075,1.9364254474639893,291840,0.10221354166666667,0.10221354166666667,0.0,9.643312101910828,-4.655848370395651,1.0285141468048096,2.1918859481811523,0.6285361647605896,0.9406778812408447,1522,2.7151854038238525,256,0.0015265941619873047
191,190,1e-05,1e-05,1e-05,1e-05,,,0,,,,,,-0.030635153874754906,0.016795499250292778,-39.351318359375,-0.32865020632743835,1.9267290830612183,293376,0.10286458333333333,0.10286458333333333,0.0,9.658227848101266,-4.651203479404692,1.0454213619232178,2.2111892700195312,0.6480699181556702,0.9402560591697693,1528,2.7633678913116455,239,0.0007177591323852539
192,191,1e-05,1e-05,1e-05,1e-05,,,0,,,,,,-0.027836725115776062,0.014875969849526882,-39.342674255371094,-0.3277021646499634,1.856298804283142,294912,0.10481770833333333,0.10481770833333333,0.0,9.745341614906833,-4.6552232870255965,1.0371043682098389,2.2180936336517334,0.6353363394737244,0.9398794770240784,1520,2.2533020973205566,221,0.0008149147033691406
193,192,1e-05,1e-05,1e-05,1e-05,,,0,,,,,,-0.030220529064536095,0.013231873512268066,-39.33601760864258,-0.33167681097984314,1.9574813842773438,296448,0.10091145833333333,0.10091145833333333,0.0,9.580645161290322,-4.642500939738367,1.0425679683685303,2.213268756866455,0.6422197222709656,0.9396732449531555,1526,2.5829241275787354,241,0.0007135272026062012
194,193,1e-05,1e-05,1e-05,1e-05,,,0,,,,,,-0.027105731889605522,0.015726406127214432,-39.32780838012695,-0.3260017931461334,2.154087543487549,297984,0.10611979166666667,0.10611979166666667,0.0,9.742331288343559,-4.673031659587028,1.0421150922775269,2.2167904376983643,0.6342787742614746,0.9394480586051941,1525,2.3103833198547363,252,0.0006853342056274414
195,194,0.00017085937500000006,0.00017085937500000006,0.00017085937500000006,0.00017085937500000006,,,0,,,,,,-0.03978610411286354,0.014258458279073238,-39.30793380737305,-0.33999118208885193,1.8078123331069946,299520,0.10026041666666667,0.10026041666666667,0.0,9.75974025974026,-4.641365585737414,1.037217140197754,2.1954972743988037,0.6262668371200562,0.9390705823898315,1528,2.4581820964813232,252,0.0008850693702697754
196,195,1e-05,1e-05,1e-05,1e-05,,,0,,,,,,-0.030687052756547928,0.014427611604332924,-39.30097579956055,-0.33066728711128235,1.963086485862732,301056,0.103515625,0.103515625,0.0,9.647798742138365,-4.635120893956734,1.0309001207351685,2.1972391605377197,0.631501317024231,0.9385151267051697,1525,2.5442426204681396,242,0.001390993595123291
197,196,1e-05,1e-05,1e-05,1e-05,,,0,,,,,,-0.03098469413816929,0.0155419846996665,-39.29556655883789,-0.3298072814941406,1.9549425840377808,302592,0.10546875,0.10546875,0.0,9.703703703703704,-4.63152121897097,1.0308531522750854,2.187761068344116,0.6316656470298767,0.938363254070282,1521,2.326247453689575,233,0.0007499456405639648
198,197,1e-05,1e-05,1e-05,1e-05,,,0,,,,,,-0.028138576075434685,0.017097488045692444,-39.286216735839844,-0.32533082365989685,1.9618853330612183,304128,0.10546875,0.10546875,0.0,9.537037037037036,-4.672744008585994,1.0453392267227173,2.2249855995178223,0.6408427357673645,0.9381391406059265,1519,3.0033936500549316,246,0.0010327696800231934
199,198,1e-05,1e-05,1e-05,1e-05,,,0,,,,,,-0.029726678505539894,0.016824260354042053,-39.27497100830078,-0.3271022140979767,1.9044595956802368,305664,0.10286458333333333,0.10286458333333333,0.0,9.632911392405063,-4.665846059631695,1.0318347215652466,2.192526340484619,0.6271411180496216,0.9377914667129517,1527,2.4435245990753174,243,0.0037623047828674316
200,199,1e-05,1e-05,1e-05,1e-05,,,0,,,,,,-0.02873905561864376,0.016542909666895866,-39.263668060302734,-0.32630547881126404,2.0887677669525146,307200,0.103515625,0.103515625,0.0,9.566037735849056,-4.64421516668122,1.0286803245544434,2.1942760944366455,0.624024510383606,0.9374136328697205,1519,2.4867990016937256,236,0.0006215572357177734
