controller,action_mode,status,archive,cases,raw_action_abs_max,applied_action_abs_max,soft_target_violation_rows,hard_target_violation_rows,actual_q_hard_violation_rows,self_collision_cases,robot_ground_contact_cases,primary_fall_cases,horizon_cases,finite,policy_shape,critic_shape,action_shape,physics_dt_s,control_dt_s,diagnostic_only,notes
zero,legacy_raw,PASS,logs/e1-d1/acceptance_20260923_123426_229wgskq,8,0.0,0.0,0,0,94,8,0,8,0,true,"[8,96]","[8,99]","[8,29]",0.005,0.02,true,"q_target equals q_default; no pair-confirmed ground contact in this archive"
zero,raw_clip,PASS,logs/e1-d1/acceptance_20260923_123426_229wgskq,8,0.0,0.0,0,0,94,8,0,8,0,true,"[8,96]","[8,99]","[8,29]",0.005,0.02,true,"same zero action as legacy_raw"
zero,hard_target_clip,PASS,logs/e1-d1/acceptance_20260923_123426_229wgskq,8,0.0,0.0,0,0,94,8,0,8,0,true,"[8,96]","[8,99]","[8,29]",0.005,0.02,true,"target clipping is a diagnostic only"
model_initial,legacy_raw,PASS,logs/e1-d1/acceptance_20260923_123426_229wgskq,8,0.3001051843,0.3001051843,0,0,50,8,0,8,0,true,"[8,96]","[8,99]","[8,29]",0.005,0.02,true,"earlier probe snapshot; not strict final shared-reset evidence"
model_initial,raw_clip,PASS,logs/e1-d1/acceptance_20260923_123426_229wgskq,8,0.3001051843,0.3001051843,0,0,50,8,0,8,0,true,"[8,96]","[8,99]","[8,29]",0.005,0.02,true,"raw values stayed within [-1,1] in this short run"
model_initial,hard_target_clip,PASS,logs/e1-d1/acceptance_20260923_123426_229wgskq,8,0.3001083136,0.3001083136,0,0,51,8,0,8,0,true,"[8,96]","[8,99]","[8,29]",0.005,0.02,true,"target hard-limit violations removed; actual q violations remain"
model_200,legacy_raw,PASS,logs/e1-d1/acceptance_20260923_124656_7y14lqkw,8,3.1602709293,3.1602709293,128,119,48,8,8,8,0,true,"[8,96]","[8,99]","[8,29]",0.005,0.02,true,"raw action and target violations observed; not post-training performance"
model_200,raw_clip,PASS,logs/e1-d1/acceptance_20260923_124656_7y14lqkw,8,2.5897984505,1.0,115,111,56,8,8,8,0,true,"[8,96]","[8,99]","[8,29]",0.005,0.02,true,"input clip applied; dynamics still unstable"
model_200,hard_target_clip,PASS,logs/e1-d1/acceptance_20260923_124656_7y14lqkw,8,3.1340684891,3.1340684891,128,0,38,8,8,8,0,true,"[8,96]","[8,99]","[8,29]",0.005,0.02,true,"target hard-limit violations removed; actual q violations remain"
