update,raw_action_abs_p95,raw_action_abs_p99,raw_action_abs_max,policy_mean_abs_p95,policy_mean_abs_p99,policy_mean_abs_max,policy_std_mean,target_limit_violation_steps,target_limit_max_excess_rad,actual_limit_violation_steps,actual_limit_max_excess_rad,joint_torque_abs_max,contact_sensor_force_max_N,contact_sensor_contact_elements,robot_ground_contact_steps_proxy,primary_fall_ratio,timeout_ratio,terminated_ratio,ratio_clip_fraction,adaptive_learning_rate_end,kl_mean,gradient_norm,entropy_loss,value_loss,surrogate_loss,velocity_tracking_error_mean,velocity_tracking_mean
1,0.4342716932296753,0.563651442527771,0.921816349029541,0.18586474657058716,0.2430819571018219,0.36395853757858276,0.20000001788139343,18,0.08909794688224792,20,0.003116786479949951,51.13948059082031,955.6351318359375,3050,3050,0.0,0.0,0.0,0.8584635853767395,1e-05,1.1324384212493896,2.8890926837921143,5.447795391082764,0.0074870227836072445,0.08478517085313797,0.6463233828544617,0.2944450378417969
2,0.45234739780426025,0.5896549224853516,1.1779597997665405,0.2275395393371582,0.3103764057159424,0.5333490967750549,0.20068544149398804,36,0.09425142407417297,334,0.0075612664222717285,46.666690826416016,1163.370361328125,3053,3053,0.0234375,0.0,0.0234375,0.26770836114883423,1e-05,0.01800260879099369,5.229057788848877,5.400142192840576,2.765639066696167,-0.054996807128190994,1.0588458776474,0.11989472806453705
3,0.44400402903556824,0.5818992853164673,1.0357966423034668,0.20687004923820496,0.27589356899261475,0.4871954023838043,0.2009945511817932,21,0.11439290642738342,118,0.0045212507247924805,47.25050354003906,996.7803955078125,3135,3135,0.016276041666666668,0.0,0.016276041666666668,0.22799479961395264,1e-05,0.015334472060203552,3.4866912364959717,5.36844539642334,0.9525774121284485,-0.04462646320462227,0.7532486915588379,0.24744676053524017
4,0.44798049330711365,0.585280179977417,1.0261316299438477,0.21276505291461945,0.28318318724632263,0.49968385696411133,0.20116156339645386,19,0.09965395927429199,314,0.0033159255981445312,49.043312072753906,912.2174072265625,2946,2946,0.024088541666666668,0.0,0.024088541666666668,0.26588544249534607,1e-05,0.015694227069616318,4.781893253326416,5.353046417236328,2.144756555557251,-0.05787760019302368,0.9692729711532593,0.1750362366437912
5,0.4436773955821991,0.5847334265708923,0.9732953310012817,0.20903781056404114,0.2779596447944641,0.4818553030490875,0.20123295485973358,26,0.16506528854370117,219,0.004440128803253174,48.733577728271484,1126.90966796875,3189,3189,0.016276041666666668,0.0,0.016276041666666668,0.2645833492279053,1e-05,0.01684851013123989,3.961134433746338,5.332700252532959,0.9372684359550476,-0.05105478689074516,0.7798068523406982,0.26188933849334717
6,0.4461936354637146,0.5841142535209656,0.9713144302368164,0.21493558585643768,0.2854853868484497,0.45987948775291443,0.20143193006515503,26,0.14681163430213928,279,0.0040174126625061035,48.714820861816406,1387.859619140625,3098,3098,0.024088541666666668,0.0,0.024088541666666668,0.26679688692092896,1e-05,0.016554970294237137,4.595279693603516,5.303927898406982,1.4078733921051025,-0.05788363888859749,0.9175171852111816,0.19654202461242676
7,0.44594720005989075,0.5864143967628479,0.9450197815895081,0.21404950320720673,0.2854871451854706,0.4779662787914276,0.20162726938724518,31,0.1310628354549408,181,0.005459606647491455,51.164451599121094,1046.1329345703125,3146,3146,0.018229166666666668,0.0,0.018229166666666668,0.2582031488418579,1e-05,0.016319960355758667,4.331385612487793,5.274702548980713,0.8147432208061218,-0.054411061108112335,0.8781150579452515,0.21841669082641602
8,0.44963565468788147,0.5874606966972351,1.0309932231903076,0.2133123278617859,0.2832997739315033,0.4897087514400482,0.2018309384584427,27,0.11650264263153076,224,0.003171384334564209,50.71498489379883,1467.39111328125,3073,3073,0.021484375,0.0,0.021484375,0.26744791865348816,1e-05,0.016934439539909363,4.501510143280029,5.250967025756836,0.7997819781303406,-0.05662345886230469,0.9146139621734619,0.2058364748954773
9,0.4510231912136078,0.5967434644699097,1.1315791606903076,0.2118247002363205,0.2773083746433258,0.46601244807243347,0.20198318362236023,22,0.07170534133911133,193,0.004109382629394531,48.87928009033203,886.694091796875,3117,3117,0.01953125,0.0,0.01953125,0.2808593809604645,1e-05,0.015904296189546585,4.111766338348389,5.232713222503662,0.533305823802948,-0.06151587516069412,0.8117505311965942,0.2611771523952484
10,0.44984638690948486,0.5929334163665771,1.004880666732788,0.21379058063030243,0.28551167249679565,0.5461501479148865,0.20207788050174713,27,0.08682414889335632,233,0.004115879535675049,47.25511932373047,953.5311279296875,3065,3065,0.022135416666666668,0.0,0.022135416666666668,0.2710937559604645,1e-05,0.016258377581834793,4.507493495941162,5.226524353027344,0.4956076741218567,-0.05922943353652954,0.8729763031005859,0.23462644219398499
11,0.4472213387489319,0.5864401459693909,1.0017088651657104,0.21223706007003784,0.28224876523017883,0.4915158450603485,0.2020704746246338,29,0.09339401125907898,215,0.00574725866317749,48.678558349609375,945.6785888671875,3117,3117,0.01953125,0.0,0.01953125,0.25963541865348816,1e-05,0.015528334304690361,4.2241902351379395,5.228400707244873,0.3127673864364624,-0.05669369921088219,0.8163048624992371,0.2640981674194336
12,0.4512345790863037,0.5877659320831299,0.9623609781265259,0.21345935761928558,0.2814342975616455,0.491445392370224,0.20208358764648438,23,0.0930253267288208,303,0.004489481449127197,52.49209213256836,1084.5062255859375,3110,3110,0.020833333333333332,0.0,0.020833333333333332,0.31458336114883423,1e-05,0.02149619534611702,4.35527229309082,5.223973751068115,0.32637736201286316,-0.055261630564928055,0.9231402277946472,0.1908923089504242
13,0.4465430974960327,0.5861303806304932,1.140009880065918,0.21040034294128418,0.28053784370422363,0.4810362756252289,0.20212353765964508,31,0.10368633270263672,218,0.004868447780609131,46.58795928955078,1330.431884765625,3099,3099,0.0234375,0.0,0.0234375,0.2591145932674408,1e-05,0.01559310033917427,4.159610748291016,5.221561431884766,0.2704950273036957,-0.05748346075415611,0.8805297613143921,0.2166374921798706
14,0.4469637870788574,0.5940259695053101,1.001289963722229,0.2140316516160965,0.28360041975975037,0.44695448875427246,0.20211616158485413,28,0.10906487703323364,205,0.0051460862159729,50.30718231201172,778.207763671875,3219,3219,0.01953125,0.0,0.01953125,0.2740885615348816,1e-05,0.016507113352417946,4.372183799743652,5.214613437652588,0.2791924476623535,-0.05428638681769371,0.9266683459281921,0.2042362540960312
15,0.45356935262680054,0.5936333537101746,0.9616830348968506,0.2157016396522522,0.28952309489250183,0.49770843982696533,0.2022208720445633,26,0.1160942018032074,190,0.004712581634521484,50.820953369140625,983.1466674804688,3148,3148,0.018880208333333332,0.0,0.018880208333333332,0.26315104961395264,1e-05,0.0168989896774292,4.092731952667236,5.19514274597168,0.20470774173736572,-0.056468166410923004,0.8880845308303833,0.20516227185726166
16,0.45274618268013,0.5928147435188293,0.9332239627838135,0.2208660989999771,0.29412344098091125,0.4618978500366211,0.20236679911613464,29,0.08687743544578552,226,0.0038738250732421875,46.62422561645508,885.78125,3221,3221,0.022135416666666668,0.0,0.022135416666666668,0.2665364742279053,1e-05,0.017031311988830566,4.2030487060546875,5.176316738128662,0.24203483760356903,-0.05100938677787781,0.9446910619735718,0.17015135288238525
17,0.44895219802856445,0.5944944024085999,1.1269922256469727,0.21696943044662476,0.2885320484638214,0.49395477771759033,0.20249995589256287,31,0.12776002287864685,136,0.0037260055541992188,44.61314392089844,1055.557861328125,3241,3241,0.01953125,0.0,0.01953125,0.28541669249534607,1e-05,0.018578682094812393,3.9583325386047363,5.165690898895264,0.13770078122615814,-0.058133430778980255,0.8571025729179382,0.21009230613708496
18,0.4516623914241791,0.5908627510070801,0.9751096367835999,0.21947535872459412,0.2920629680156708,0.4800602197647095,0.2025178074836731,20,0.1458728015422821,198,0.004350423812866211,45.5071907043457,1246.4700927734375,3199,3199,0.022135416666666668,0.0,0.022135416666666668,0.26770836114883423,1e-05,0.016164477914571762,4.221131801605225,5.160952091217041,0.14273585379123688,-0.051962774246931076,0.9206570982933044,0.19503256678581238
19,0.45343682169914246,0.6006643772125244,0.9853348135948181,0.21927261352539062,0.29670101404190063,0.5251972675323486,0.20256134867668152,41,0.13227182626724243,178,0.00408625602722168,47.91883850097656,932.2338256835938,3325,3325,0.016927083333333332,0.0,0.016927083333333332,0.29570314288139343,1e-05,0.01827917993068695,3.9386165142059326,5.160534858703613,0.10213535279035568,-0.05787456035614014,0.8828755617141724,0.1901964396238327
20,0.45384395122528076,0.5946961045265198,0.9251810312271118,0.2232983261346817,0.2975192070007324,0.491890013217926,0.20252785086631775,30,0.10657891631126404,192,0.003922879695892334,47.35314178466797,1332.5062255859375,3270,3270,0.0234375,0.0,0.0234375,0.27460938692092896,1e-05,0.017703140154480934,4.0661749839782715,5.164406776428223,0.10186593979597092,-0.05517962574958801,0.9929541349411011,0.16124403476715088
21,0.45465362071990967,0.6017248630523682,0.9107541441917419,0.21947519481182098,0.29241958260536194,0.4696744680404663,0.20252026617527008,33,0.11227306723594666,130,0.003301262855529785,46.92605209350586,1055.070068359375,3272,3272,0.018880208333333332,0.0,0.018880208333333332,0.28437501192092896,1e-05,0.016522442921996117,3.8428914546966553,5.170200347900391,0.10190992802381516,-0.058380234986543655,0.893999457359314,0.20546287298202515
22,0.45395293831825256,0.5942878127098083,0.9956643581390381,0.22265133261680603,0.29830166697502136,0.531635046005249,0.20245607197284698,37,0.11791318655014038,200,0.003352224826812744,47.73063278198242,857.171142578125,3148,3148,0.021484375,0.0,0.021484375,0.28919273614883423,1e-05,0.01820010133087635,3.9692108631134033,5.170225620269775,0.09403464943170547,-0.05998123809695244,0.9032574892044067,0.196389839053154
23,0.45195624232292175,0.5928989052772522,0.9705096483230591,0.22246083617210388,0.2981210947036743,0.49766552448272705,0.20249982178211212,28,0.11267760396003723,166,0.003820478916168213,52.56299591064453,1085.04052734375,3207,3207,0.018229166666666668,0.0,0.018229166666666668,0.2848958373069763,1e-05,0.017691202461719513,3.8908498287200928,5.166782379150391,0.09073054045438766,-0.05712033063173294,0.9210714101791382,0.19566741585731506
24,0.4547300934791565,0.59575355052948,0.9362661242485046,0.2247047871351242,0.2970581352710724,0.4599483013153076,0.20251469314098358,25,0.11885514855384827,198,0.005666673183441162,53.04917907714844,916.9879150390625,3182,3182,0.020833333333333332,0.0,0.020833333333333332,0.26979169249534607,1e-05,0.017100386321544647,4.102066993713379,5.1634368896484375,0.08517155051231384,-0.05586173012852669,0.9338048696517944,0.18825504183769226
25,0.45451465249061584,0.600541353225708,0.9641117453575134,0.22128087282180786,0.2893400192260742,0.4946601688861847,0.20253627002239227,25,0.1312619149684906,189,0.004440009593963623,47.07162094116211,1031.4588623046875,3186,3186,0.022786458333333332,0.0,0.022786458333333332,0.2682291865348816,1e-05,0.0155000826343894,3.944514036178589,5.161859035491943,0.08066406100988388,-0.05776825174689293,0.9404449462890625,0.18882229924201965
26,0.4537823796272278,0.5962733626365662,0.9233458042144775,0.21889224648475647,0.2890981435775757,0.4763220548629761,0.20255178213119507,29,0.09413003921508789,182,0.0047757625579833984,50.91504669189453,997.8927001953125,3182,3182,0.020182291666666668,0.0,0.020182291666666668,0.28307291865348816,1e-05,0.017561174929142,4.108499050140381,5.15523624420166,0.08526494354009628,-0.055485308170318604,0.8837317228317261,0.2140669822692871
27,0.45689910650253296,0.5969734787940979,1.1022517681121826,0.21984083950519562,0.29345089197158813,0.480724573135376,0.20260480046272278,36,0.15986675024032593,163,0.005606234073638916,47.7249870300293,1361.2021484375,3206,3206,0.018229166666666668,0.0,0.018229166666666668,0.29609376192092896,1e-05,0.018128421157598495,3.915248155593872,5.158191680908203,0.07518383860588074,-0.05719798803329468,0.8681599497795105,0.22004008293151855
28,0.45640239119529724,0.6040956377983093,0.9701281785964966,0.2217518389225006,0.29722270369529724,0.49088379740715027,0.20255042612552643,22,0.11962297558784485,167,0.0034134984016418457,48.7800178527832,911.4801025390625,3140,3140,0.022786458333333332,0.0,0.022786458333333332,0.27760419249534607,1e-05,0.017286697402596474,4.121244430541992,5.165381908416748,0.08815412223339081,-0.055429913103580475,0.9096059799194336,0.20146213471889496
29,0.45582878589630127,0.5973576307296753,1.008317470550537,0.22239898145198822,0.2972869277000427,0.5170111656188965,0.2024872899055481,21,0.1030741035938263,151,0.003708481788635254,54.760528564453125,1163.0284423828125,3205,3205,0.020833333333333332,0.0,0.020833333333333332,0.3059895932674408,1e-05,0.0186633113771677,3.7910335063934326,5.167420864105225,0.06046748906373978,-0.05816429480910301,0.9056358337402344,0.20492792129516602
30,0.456246018409729,0.6024534106254578,0.9309356808662415,0.2257675975561142,0.2990897297859192,0.5195648670196533,0.20252056419849396,34,0.1417759656906128,246,0.003410637378692627,45.74232864379883,1119.4019775390625,3234,3234,0.020182291666666668,0.0,0.020182291666666668,0.2888020873069763,1e-05,0.018487216904759407,3.8272881507873535,5.160375118255615,0.07341130077838898,-0.05958371236920357,0.9248309135437012,0.17662963271141052
31,0.4543571174144745,0.6057690382003784,0.9851922988891602,0.22197775542736053,0.2978684902191162,0.5374162793159485,0.20256778597831726,31,0.08358237147331238,104,0.004236280918121338,48.452903747558594,1061.704345703125,3218,3218,0.01953125,0.0,0.01953125,0.2578125,1e-05,0.01553423423320055,3.962027072906494,5.165339946746826,0.0675007551908493,-0.057222116738557816,0.8802928924560547,0.20998774468898773
32,0.45598292350769043,0.5963848829269409,0.9653140902519226,0.2251686304807663,0.30089041590690613,0.47965294122695923,0.20247496664524078,33,0.14497581124305725,168,0.005169868469238281,49.407772064208984,1197.1392822265625,3178,3178,0.021484375,0.0,0.021484375,0.27851563692092896,1e-05,0.017402738332748413,3.9319043159484863,5.167746067047119,0.06365801393985748,-0.05729850009083748,0.9548293948173523,0.17861269414424896
33,0.4503220319747925,0.5928183794021606,0.9794094562530518,0.22324348986148834,0.29879942536354065,0.5039544105529785,0.20252223312854767,26,0.09135541319847107,132,0.003606736660003662,51.45051193237305,1154.1331787109375,3195,3195,0.020182291666666668,0.0,0.020182291666666668,0.28437501192092896,1e-05,0.018368186429142952,3.9228885173797607,5.157310962677002,0.06653892248868942,-0.05631978437304497,0.8693422079086304,0.23036253452301025
34,0.4563489258289337,0.5954325199127197,1.2383064031600952,0.22440898418426514,0.30166712403297424,0.4891881048679352,0.20260410010814667,30,0.10518354177474976,192,0.0038679838180541992,46.05085372924805,1108.7626953125,3145,3145,0.021484375,0.0,0.021484375,0.26875001192092896,1e-05,0.016235435381531715,3.835336685180664,5.145605564117432,0.05889272317290306,-0.059181343764066696,0.8660197257995605,0.2154473066329956
35,0.45375436544418335,0.6004201173782349,1.0240579843521118,0.21931667625904083,0.295463889837265,0.4863845109939575,0.20268560945987701,37,0.08653992414474487,155,0.005374789237976074,50.83143997192383,1029.08447265625,3169,3169,0.017578125,0.0,0.017578125,0.27291667461395264,1e-05,0.016409769654273987,3.9331185817718506,5.137983798980713,0.06202860549092293,-0.057677771896123886,0.849945068359375,0.2338302582502365
36,0.45841678977012634,0.600879430770874,1.0243289470672607,0.2280062586069107,0.3027731478214264,0.48144397139549255,0.20272095501422882,27,0.10322660207748413,206,0.004332304000854492,51.96495056152344,1042.55517578125,3125,3125,0.020833333333333332,0.0,0.020833333333333332,0.2679687738418579,1e-05,0.01567755825817585,4.045043468475342,5.131097316741943,0.05680439621210098,-0.05612694099545479,0.9255236983299255,0.198170006275177
37,0.45373353362083435,0.6019525527954102,1.0347188711166382,0.22583159804344177,0.3030279576778412,0.4775179624557495,0.20278531312942505,33,0.08006885647773743,170,0.003631412982940674,60.11958312988281,1028.448486328125,3119,3119,0.021484375,0.0,0.021484375,0.27031251788139343,1e-05,0.016252167522907257,3.8705620765686035,5.1221232414245605,0.05853266268968582,-0.05646643787622452,0.8613325953483582,0.22706584632396698
38,0.4553973972797394,0.5973911881446838,1.104018211364746,0.22504965960979462,0.30113685131073,0.4802923798561096,0.20284336805343628,35,0.18487539887428284,176,0.003125429153442383,45.802188873291016,988.17431640625,3125,3125,0.021484375,0.0,0.021484375,0.28919273614883423,1e-05,0.01700102910399437,3.7812340259552,5.1202921867370605,0.049990952014923096,-0.06016174703836441,0.9281210899353027,0.1669391244649887
39,0.45594123005867004,0.5963893532752991,1.071256160736084,0.22780625522136688,0.3041327893733978,0.5545060634613037,0.2028091698884964,26,0.10179910063743591,163,0.004294753074645996,48.89320755004883,1148.0947265625,3154,3154,0.021484375,0.0,0.021484375,0.27812501788139343,1e-05,0.01712573878467083,3.809164524078369,5.124046325683594,0.05159217119216919,-0.06103837490081787,0.9481619596481323,0.15242823958396912
40,0.45476698875427246,0.5934956073760986,1.0373916625976562,0.22508472204208374,0.3026359975337982,0.5917900800704956,0.20280995965003967,30,0.17076849937438965,140,0.003392040729522705,46.2515869140625,984.2655639648438,3155,3155,0.021484375,0.0,0.021484375,0.2949219048023224,1e-05,0.018875710666179657,3.89160418510437,5.114746570587158,0.05355674773454666,-0.06144462898373604,0.9559125900268555,0.172592431306839
41,0.45245739817619324,0.5982831120491028,0.9476550817489624,0.22480788826942444,0.2984549105167389,0.5217055082321167,0.2029121220111847,25,0.08201998472213745,155,0.003698408603668213,52.330745697021484,1073.7303466796875,3152,3152,0.020182291666666668,0.0,0.020182291666666668,0.28723961114883423,1e-05,0.018240828067064285,3.778205633163452,5.104091167449951,0.051264166831970215,-0.060040850192308426,0.8599287867546082,0.25662434101104736
42,0.4559197425842285,0.6025000214576721,0.987842321395874,0.22344930469989777,0.29990053176879883,0.4543728232383728,0.2029704451560974,26,0.06741759181022644,223,0.00549393892288208,59.158172607421875,1161.2032470703125,3098,3098,0.020833333333333332,0.0,0.020833333333333332,0.2880208492279053,1e-05,0.018413595855236053,3.995567798614502,5.093555450439453,0.05139809846878052,-0.05680352449417114,0.816358745098114,0.23119699954986572
43,0.4553261697292328,0.6017136573791504,0.9614993333816528,0.22480598092079163,0.30369624495506287,0.49223318696022034,0.2030469924211502,35,0.14914467930793762,209,0.005102038383483887,48.25092697143555,944.37060546875,3206,3206,0.020833333333333332,0.0,0.020833333333333332,0.29127606749534607,1e-05,0.017353445291519165,3.836043119430542,5.093782901763916,0.04785110801458359,-0.058141499757766724,0.8264094591140747,0.25642362236976624
44,0.4544566869735718,0.6021887063980103,1.0112662315368652,0.22182704508304596,0.29724588990211487,0.4893140196800232,0.20299884676933289,33,0.14428415894508362,179,0.006149351596832275,49.760921478271484,1285.246337890625,3148,3148,0.020182291666666668,0.0,0.020182291666666668,0.2606770992279053,1e-05,0.01557784155011177,3.950684070587158,5.098269462585449,0.052497830241918564,-0.0576128326356411,0.8388470411300659,0.24814705550670624
45,0.45564529299736023,0.6020064949989319,1.0046494007110596,0.22504419088363647,0.2971857190132141,0.4715704321861267,0.2029789835214615,35,0.09412789344787598,203,0.004450678825378418,53.453163146972656,1108.851318359375,3102,3102,0.0234375,0.0,0.0234375,0.2734375,1e-05,0.015927754342556,3.9418816566467285,5.096808433532715,0.04454491659998894,-0.0597522035241127,0.8559948205947876,0.2191799283027649
46,0.45386457443237305,0.5968310832977295,1.1389415264129639,0.21754634380340576,0.29164913296699524,0.46681296825408936,0.20300959050655365,28,0.15230146050453186,210,0.004912376403808594,49.842559814453125,1091.2442626953125,3084,3084,0.020182291666666668,0.0,0.020182291666666668,0.27981773018836975,1e-05,0.016274690628051758,3.9457204341888428,5.104985237121582,0.04742492362856865,-0.05826940760016441,0.8244039416313171,0.2494710087776184
47,0.4600856900215149,0.6045798063278198,0.9398630857467651,0.22631415724754333,0.30502307415008545,0.5581781268119812,0.20288515090942383,38,0.11379364132881165,231,0.0037621259689331055,51.66484451293945,1408.820556640625,3143,3143,0.01953125,0.0,0.01953125,0.27395835518836975,1e-05,0.016401279717683792,3.916029453277588,5.114116191864014,0.04817662760615349,-0.05872804671525955,0.8826216459274292,0.21909217536449432
48,0.454819917678833,0.6025059819221497,1.0061438083648682,0.22391653060913086,0.3020051419734955,0.5579249262809753,0.20288462936878204,34,0.1204833984375,158,0.0038277506828308105,44.61933898925781,1096.552490234375,3171,3171,0.020833333333333332,0.0,0.020833333333333332,0.26979169249534607,1e-05,0.016476865857839584,3.8897721767425537,5.115499019622803,0.04601260647177696,-0.05666818842291832,0.824334979057312,0.24249807000160217
49,0.4537650942802429,0.6005383729934692,1.0182496309280396,0.2254021167755127,0.30671894550323486,0.5600816011428833,0.20285512506961823,38,0.13566935062408447,186,0.005983233451843262,51.62104797363281,1061.2191162109375,3159,3159,0.017578125,0.0,0.017578125,0.2660156488418579,1e-05,0.015499822795391083,3.8673462867736816,5.124257564544678,0.04937874525785446,-0.057260435074567795,0.8886814117431641,0.20547567307949066
50,0.457605242729187,0.6058691143989563,0.9860724210739136,0.22403551638126373,0.309283971786499,0.5306500792503357,0.20278847217559814,28,0.10505104064941406,132,0.005069375038146973,48.60479736328125,1218.98486328125,3255,3255,0.0234375,0.0,0.0234375,0.27161461114883423,1e-05,0.015350026078522205,3.800455093383789,5.11338996887207,0.050192322582006454,-0.05857844278216362,0.8694338798522949,0.2158193588256836
51,0.45689159631729126,0.6104381084442139,0.9839575886726379,0.22829443216323853,0.31331661343574524,0.5617473125457764,0.20297500491142273,30,0.09052687883377075,162,0.0036644935607910156,46.55418395996094,879.2691040039062,3149,3149,0.020182291666666668,0.0,0.020182291666666668,0.2744791805744171,1e-05,0.01715797185897827,3.9285221099853516,5.089688777923584,0.052593182772397995,-0.059424158185720444,0.9216911196708679,0.18657150864601135
52,0.4546024203300476,0.6044228672981262,0.9626392126083374,0.2275855392217636,0.3064897954463959,0.5265709161758423,0.2031131535768509,29,0.09629186987876892,115,0.003099799156188965,48.230926513671875,1234.3885498046875,3170,3170,0.017578125,0.0,0.017578125,0.26875001192092896,1e-05,0.016996754333376884,3.812349796295166,5.072746276855469,0.05111219361424446,-0.0576339066028595,0.8116077184677124,0.22610262036323547
53,0.4582803249359131,0.6077624559402466,1.0825262069702148,0.23026487231254578,0.3141176402568817,0.5457109808921814,0.20322777330875397,30,0.08796703815460205,195,0.003819704055786133,48.45986557006836,1126.3626708984375,3149,3149,0.01953125,0.0,0.01953125,0.29023438692092896,1e-05,0.0184073094278574,3.962667226791382,5.0567946434021,0.05193557217717171,-0.05874241515994072,0.927290141582489,0.18715576827526093
54,0.45928871631622314,0.6042493581771851,1.0865440368652344,0.23398661613464355,0.3198806941509247,0.5644214153289795,0.2033306360244751,30,0.1487351953983307,152,0.006068527698516846,54.83899688720703,1163.6014404296875,3178,3178,0.020833333333333332,0.0,0.020833333333333332,0.2779948115348816,1e-05,0.017695387825369835,3.9026782512664795,5.051822185516357,0.05372345447540283,-0.05794847756624222,0.9041697978973389,0.1967068612575531
55,0.46073460578918457,0.6079221367835999,0.9887507557868958,0.23659642040729523,0.3252134621143341,0.6415483355522156,0.20331770181655884,38,0.11130443215370178,114,0.0046103596687316895,45.73163604736328,1177.8770751953125,3198,3198,0.020182291666666668,0.0,0.020182291666666668,0.2894531488418579,1e-05,0.018524691462516785,3.880336046218872,5.049355506896973,0.053209561854600906,-0.05793836712837219,0.8820527791976929,0.22622232139110565
56,0.45870110392570496,0.6059895157814026,0.9831383228302002,0.23382118344306946,0.32335540652275085,0.5655866265296936,0.20336417853832245,35,0.09460461139678955,160,0.004898548126220703,46.64469528198242,1269.3770751953125,3186,3186,0.021484375,0.0,0.021484375,0.2777343988418579,1e-05,0.016783183440566063,3.9191651344299316,5.043223857879639,0.04670700058341026,-0.05509229376912117,0.8927780389785767,0.19903996586799622
57,0.4615131616592407,0.6096152067184448,1.064019799232483,0.2421272099018097,0.33762964606285095,0.5416787266731262,0.2034119814634323,31,0.10860222578048706,117,0.004341244697570801,50.0274658203125,1197.193603515625,3380,3380,0.017578125,0.0,0.017578125,0.2929687798023224,1e-05,0.018945811316370964,4.0038533210754395,5.042215824127197,0.04668596386909485,-0.05813813954591751,0.9568015933036804,0.1613846868276596
58,0.4619281589984894,0.6140444874763489,1.0262609720230103,0.24223092198371887,0.3357349634170532,0.6640691757202148,0.20337817072868347,45,0.14031153917312622,128,0.004066109657287598,53.01019287109375,1161.8592529296875,3193,3193,0.022786458333333332,0.0,0.022786458333333332,0.27031251788139343,1e-05,0.016731100156903267,4.02922248840332,5.046706676483154,0.04727848619222641,-0.05560379847884178,0.9125329852104187,0.17815884947776794
59,0.46842509508132935,0.6215507984161377,1.0273747444152832,0.23850317299365997,0.3327852487564087,0.579933762550354,0.20335914194583893,42,0.0914720892906189,168,0.004486024379730225,48.43169021606445,1171.0880126953125,3222,3222,0.018880208333333332,0.0,0.018880208333333332,0.27682292461395264,1e-05,0.016050444915890694,4.015285015106201,5.055013179779053,0.043854158371686935,-0.05416838079690933,0.8743759393692017,0.19501817226409912
60,0.4666236937046051,0.6163276433944702,1.0594738721847534,0.24102330207824707,0.3286953270435333,0.5852117538452148,0.20327048003673553,44,0.15633204579353333,147,0.004844367504119873,49.145545959472656,1139.8980712890625,3161,3161,0.020182291666666668,0.0,0.020182291666666668,0.2688802182674408,1e-05,0.01639702171087265,3.9845597743988037,5.065465450286865,0.03726014122366905,-0.05834416300058365,0.8715547323226929,0.20315927267074585
61,0.46649637818336487,0.6138292551040649,0.983315110206604,0.24293938279151917,0.33484259247779846,0.587555468082428,0.20322199165821075,33,0.13130700588226318,167,0.003421604633331299,50.68600082397461,1196.599609375,3190,3190,0.021484375,0.0,0.021484375,0.25794273614883423,1e-05,0.015962732955813408,4.001976013183594,5.067687034606934,0.04974493756890297,-0.056836485862731934,0.9335942268371582,0.18887917697429657
62,0.4649724066257477,0.6124869585037231,1.1238901615142822,0.24047645926475525,0.330757200717926,0.5480387806892395,0.2032267302274704,39,0.21424660086631775,128,0.0044907331466674805,43.562599182128906,1060.9586181640625,3200,3200,0.018229166666666668,0.0,0.018229166666666668,0.2782552242279053,1e-05,0.015586093068122864,4.0038981437683105,5.068424224853516,0.04746207967400551,-0.05665702745318413,0.9051806330680847,0.19894134998321533
63,0.46414268016815186,0.6144686937332153,1.1787652969360352,0.24179714918136597,0.33813121914863586,0.5806636214256287,0.20321089029312134,37,0.09457480907440186,186,0.0028446316719055176,45.2833137512207,1369.759521484375,3054,3054,0.022786458333333332,0.0,0.022786458333333332,0.29114586114883423,1e-05,0.019508514553308487,3.8186378479003906,5.0642313957214355,0.03951096534729004,-0.05809907987713814,0.9222205877304077,0.19723808765411377
64,0.46436625719070435,0.6043802499771118,1.1222288608551025,0.23970605432987213,0.3274782598018646,0.6405177712440491,0.2032870203256607,41,0.10752195119857788,186,0.0059258341789245605,48.838348388671875,1070.452392578125,3140,3140,0.018880208333333332,0.0,0.018880208333333332,0.2691406309604645,1e-05,0.015892546623945236,3.960219621658325,5.047783851623535,0.047387368977069855,-0.057837992906570435,0.8670791983604431,0.23431991040706635
65,0.4640737771987915,0.610831618309021,1.0974440574645996,0.24179388582706451,0.33435285091400146,0.6195119023323059,0.2034165859222412,37,0.08373293280601501,138,0.006935060024261475,51.8388557434082,1213.92724609375,3208,3208,0.020833333333333332,0.0,0.020833333333333332,0.26783856749534607,1e-05,0.015759427100419998,3.857956647872925,5.023770809173584,0.045086540281772614,-0.05795641615986824,0.8674496412277222,0.23084518313407898
66,0.4683431386947632,0.6159848570823669,0.997631311416626,0.24151726067066193,0.3338380753993988,0.6764012575149536,0.20363038778305054,48,0.0951484739780426,179,0.004649996757507324,52.212554931640625,1403.344482421875,3218,3218,0.016276041666666668,0.0,0.016276041666666668,0.267578125,1e-05,0.01711706444621086,3.8922736644744873,5.005121231079102,0.048930175602436066,-0.05636191368103027,0.8605245351791382,0.21012847125530243
67,0.4643098711967468,0.609865665435791,1.0069712400436401,0.24297377467155457,0.33869144320487976,0.6086560487747192,0.20366980135440826,36,0.16052040457725525,144,0.0029859542846679688,53.131431579589844,790.1776123046875,3170,3170,0.020833333333333332,0.0,0.020833333333333332,0.2649739682674408,1e-05,0.015549243427813053,3.9415128231048584,5.005536079406738,0.05390407517552376,-0.05626220628619194,0.8696615099906921,0.20823965966701508
68,0.4672251343727112,0.6125494241714478,1.0067273378372192,0.24672111868858337,0.3447650671005249,0.7016518115997314,0.20365853607654572,36,0.1588427722454071,139,0.004585325717926025,59.18484115600586,1211.7108154296875,3191,3191,0.017578125,0.0,0.017578125,0.26197919249534607,1e-05,0.015826208516955376,3.9541683197021484,5.006974220275879,0.05983353778719902,-0.05428355932235718,0.9023734927177429,0.21380233764648438
69,0.46360787749290466,0.6172744035720825,1.0368343591690063,0.24010346829891205,0.3314121961593628,0.5982674956321716,0.20364397764205933,40,0.10249370336532593,173,0.005377829074859619,48.439266204833984,1140.538330078125,3111,3111,0.024088541666666668,0.0,0.024088541666666668,0.27200523018836975,1e-05,0.015919040888547897,3.882901906967163,5.006653308868408,0.04274926707148552,-0.055819254368543625,0.8924748301506042,0.20612427592277527
70,0.46784353256225586,0.615854024887085,1.200584888458252,0.2451036125421524,0.34867775440216064,0.598645806312561,0.20366230607032776,40,0.06926834583282471,151,0.00591731071472168,52.921539306640625,931.3306274414062,3184,3184,0.018229166666666668,0.0,0.018229166666666668,0.2727864682674408,1e-05,0.01708156242966652,3.8568787574768066,5.0026960372924805,0.04390311613678932,-0.0598822720348835,0.9417195320129395,0.17305044829845428
71,0.46511703729629517,0.6166520714759827,1.053202748298645,0.24433542788028717,0.34200769662857056,0.6336309909820557,0.2036982625722885,43,0.0872933566570282,98,0.0034875869750976562,48.45555877685547,1087.62158203125,3206,3206,0.021484375,0.0,0.021484375,0.2649739682674408,1e-05,0.0159426499158144,3.84726881980896,4.997790336608887,0.05393262580037117,-0.05596667155623436,0.9329643249511719,0.20293772220611572
72,0.46783187985420227,0.6151160001754761,1.128470778465271,0.23932543396949768,0.33112090826034546,0.6041443347930908,0.20374196767807007,40,0.1414182484149933,177,0.005221068859100342,49.297340393066406,1254.496337890625,3108,3108,0.020833333333333332,0.0,0.020833333333333332,0.2751302123069763,1e-05,0.016519607976078987,3.9633095264434814,4.986098289489746,0.04762185737490654,-0.058504968881607056,0.8414124250411987,0.2560485601425171
73,0.4664264917373657,0.6111472845077515,1.1755096912384033,0.2397848665714264,0.32643425464630127,0.5486894249916077,0.2038470357656479,44,0.09927073121070862,185,0.00361710786819458,49.745277404785156,1089.7078857421875,3170,3170,0.016276041666666668,0.0,0.016276041666666668,0.3007812798023224,1e-05,0.018572844564914703,3.7347168922424316,4.972621440887451,0.048030223697423935,-0.0609087310731411,0.8210489153862,0.2254018783569336
74,0.4671362340450287,0.6157050132751465,1.0672037601470947,0.2433105707168579,0.33868327736854553,0.5437822341918945,0.20393748581409454,41,0.08868962526321411,161,0.00370633602142334,44.33662796020508,1271.1666259765625,3115,3115,0.0234375,0.0,0.0234375,0.27812501788139343,1e-05,0.017144037410616875,3.6976611614227295,4.962118148803711,0.05518794059753418,-0.060205865651369095,0.9165802001953125,0.20690225064754486
75,0.46747419238090515,0.6138918399810791,0.9609528183937073,0.2438560277223587,0.33734527230262756,0.5856172442436218,0.2039889246225357,29,0.12359613180160522,160,0.005255758762359619,49.559810638427734,1107.3348388671875,3102,3102,0.018229166666666668,0.0,0.018229166666666668,0.27526041865348816,1e-05,0.016551204025745392,3.8553009033203125,4.955833435058594,0.047422390431165695,-0.05925725772976875,0.8886305689811707,0.22586771845817566
76,0.46729573607444763,0.6193508505821228,1.0561559200286865,0.24408702552318573,0.34067878127098083,0.6067997813224792,0.2040342092514038,41,0.17314893007278442,201,0.0048722028732299805,53.38145065307617,1457.5355224609375,3156,3156,0.022135416666666668,0.0,0.022135416666666668,0.2923177182674408,1e-05,0.019214259460568428,3.959421157836914,4.952808856964111,0.03835466504096985,-0.06041615083813667,0.9467558264732361,0.20544597506523132
77,0.4716205894947052,0.6263771057128906,0.9767153263092041,0.24757114052772522,0.3438665270805359,0.5892342925071716,0.20404504239559174,44,0.14311009645462036,162,0.004093527793884277,45.85601806640625,1041.7720947265625,3197,3197,0.016927083333333332,0.0,0.016927083333333332,0.2747395932674408,1e-05,0.016408393159508705,4.003587245941162,4.948421955108643,0.04784229397773743,-0.05548708513379097,0.8797625303268433,0.21865473687648773
78,0.4716253876686096,0.6251055598258972,1.38002610206604,0.2441932111978531,0.3407134413719177,0.5768529772758484,0.2040853351354599,46,0.12946289777755737,201,0.0035226941108703613,51.953887939453125,1162.339111328125,3003,3003,0.022786458333333332,0.0,0.022786458333333332,0.283203125,1e-05,0.016745083034038544,3.9323647022247314,4.93503475189209,0.04108938202261925,-0.0604146309196949,0.933402419090271,0.16375572979450226
79,0.46842658519744873,0.6187617778778076,1.0350868701934814,0.2463652640581131,0.34699612855911255,0.6520240902900696,0.20422643423080444,39,0.11201983690261841,108,0.005315244197845459,53.697021484375,935.13232421875,3090,3090,0.01953125,0.0,0.01953125,0.27200523018836975,1e-05,0.01584772579371929,4.012067794799805,4.9155402183532715,0.04285946115851402,-0.055007707327604294,0.9138951301574707,0.18434719741344452
80,0.46924299001693726,0.6170346736907959,1.194503664970398,0.25027358531951904,0.34800565242767334,0.6289597153663635,0.2043469250202179,36,0.09938380122184753,148,0.00464397668838501,52.52772903442383,1108.1068115234375,3095,3095,0.01953125,0.0,0.01953125,0.27942711114883423,1e-05,0.017396602779626846,4.012016296386719,4.904860496520996,0.043266814202070236,-0.05667129158973694,0.9496678709983826,0.16911032795906067
81,0.4741932153701782,0.6249223947525024,1.0425965785980225,0.24805611371994019,0.35038384795188904,0.6232078671455383,0.20440813899040222,46,0.10865458846092224,129,0.003411233425140381,49.771141052246094,1093.3968505859375,3167,3167,0.018229166666666668,0.0,0.018229166666666668,0.2888020873069763,1e-05,0.017413681373000145,4.0255255699157715,4.9057159423828125,0.04278957098722458,-0.05680966377258301,0.8378006815910339,0.23711395263671875
82,0.4747317433357239,0.6249474287033081,1.0285248756408691,0.25087791681289673,0.351483553647995,0.620392918586731,0.20434048771858215,46,0.0889708399772644,166,0.0049713850021362305,46.68844223022461,989.3107299804688,3075,3075,0.021484375,0.0,0.021484375,0.2997395992279053,1e-05,0.018007557839155197,3.887924909591675,4.91037130355835,0.03421587496995926,-0.057101763784885406,0.9282995462417603,0.19418847560882568
83,0.47192439436912537,0.6188944578170776,1.2138465642929077,0.24896472692489624,0.34810870885849,0.62862628698349,0.20434431731700897,46,0.09369951486587524,148,0.005529820919036865,46.717132568359375,1137.17236328125,3082,3082,0.020833333333333332,0.0,0.020833333333333332,0.2790364623069763,1e-05,0.016872486099600792,3.913411855697632,4.910545349121094,0.03715915605425835,-0.05739615485072136,0.8709278106689453,0.23132479190826416
84,0.4672295153141022,0.6232700347900391,1.0952608585357666,0.24798189103603363,0.34882351756095886,0.6195736527442932,0.2043381631374359,43,0.10678118467330933,174,0.004838407039642334,44.13262176513672,1295.4730224609375,3123,3123,0.01953125,0.0,0.01953125,0.27135416865348816,1e-05,0.016930369660258293,3.9523227214813232,4.907268047332764,0.035596903413534164,-0.05688316375017166,0.8446230888366699,0.2676057815551758
85,0.4688960313796997,0.6231541037559509,1.071030855178833,0.2530936896800995,0.35421743988990784,0.7410705089569092,0.20438486337661743,40,0.11039316654205322,178,0.005658209323883057,47.25285339355469,1136.1376953125,3184,3184,0.018880208333333332,0.0,0.018880208333333332,0.2838541865348816,1e-05,0.01629774644970894,3.992725372314453,4.901204586029053,0.036477282643318176,-0.05544767528772354,0.8770569562911987,0.23386690020561218
86,0.475495845079422,0.6284052729606628,0.9849135875701904,0.25152406096458435,0.35269832611083984,0.662047266960144,0.20442089438438416,41,0.11470037698745728,105,0.004993259906768799,48.99913787841797,1013.6417236328125,3069,3069,0.022786458333333332,0.0,0.022786458333333332,0.2632812559604645,1e-05,0.015631919726729393,3.9250447750091553,4.8994574546813965,0.0357968769967556,-0.057124752551317215,0.8248777389526367,0.2506977617740631
87,0.4764083921909332,0.6267019510269165,1.2852869033813477,0.25229617953300476,0.35752663016319275,0.6262801289558411,0.2044249325990677,35,0.13322699069976807,145,0.004909217357635498,51.24175262451172,816.1417846679688,3093,3093,0.020833333333333332,0.0,0.020833333333333332,0.2734375,1e-05,0.016248458996415138,4.130910396575928,4.90109395980835,0.041289206594228745,-0.05422727018594742,0.9040133357048035,0.19953882694244385
88,0.47271013259887695,0.627454936504364,1.0368564128875732,0.2534089982509613,0.35784193873405457,0.7239081859588623,0.20439879596233368,49,0.09797433018684387,116,0.0040247440338134766,48.78568649291992,1189.3758544921875,3190,3190,0.018229166666666668,0.0,0.018229166666666668,0.2621093988418579,1e-05,0.015537052415311337,3.936246871948242,4.902339935302734,0.03538721799850464,-0.05733473226428032,0.812410295009613,0.23458974063396454
89,0.47388216853141785,0.6254143714904785,1.146369218826294,0.25668251514434814,0.36620089411735535,0.7852287292480469,0.2044205516576767,35,0.10015890002250671,165,0.0028182268142700195,49.39838409423828,987.922119140625,3130,3130,0.020833333333333332,0.0,0.020833333333333332,0.30455729365348816,1e-05,0.01947079412639141,3.9117507934570312,4.8965888023376465,0.033130720257759094,-0.057415515184402466,0.9421762824058533,0.14970353245735168
90,0.4793364703655243,0.6294801831245422,1.1258704662322998,0.2632814049720764,0.3799165189266205,0.7104769349098206,0.2044566422700882,42,0.1114581823348999,77,0.003850996494293213,47.04020690917969,1099.6217041015625,3152,3152,0.017578125,0.0,0.017578125,0.29609376192092896,1e-05,0.01904841884970665,3.8432960510253906,4.897431373596191,0.0382150299847126,-0.05978379398584366,0.925454318523407,0.17141303420066833
91,0.4788110554218292,0.6336063146591187,1.3651952743530273,0.2627730667591095,0.37298041582107544,0.7240038514137268,0.20443864166736603,37,0.13228845596313477,127,0.007689952850341797,48.53310012817383,1048.61767578125,3124,3124,0.018229166666666668,0.0,0.018229166666666668,0.28763023018836975,1e-05,0.017897745594382286,4.08178186416626,4.891885280609131,0.03681878745555878,-0.05709529668092728,0.9160774946212769,0.20698873698711395
92,0.47456422448158264,0.629883348941803,1.0306496620178223,0.26010921597480774,0.36839863657951355,0.6997940540313721,0.20451569557189941,53,0.10724949836730957,179,0.005018711090087891,52.56477737426758,816.1591186523438,3072,3072,0.022786458333333332,0.0,0.022786458333333332,0.2894531488418579,1e-05,0.01932445541024208,4.05025577545166,4.884082794189453,0.04021994024515152,-0.05748886615037918,0.8985955119132996,0.19815361499786377
93,0.4778766930103302,0.6435173749923706,1.1684341430664062,0.2601633667945862,0.37546467781066895,0.6623495817184448,0.20455291867256165,50,0.187448650598526,142,0.0050601959228515625,47.02882385253906,891.2573852539062,3094,3094,0.017578125,0.0,0.017578125,0.2897135615348816,1e-05,0.016914954409003258,3.9472084045410156,4.8757829666137695,0.03617117926478386,-0.058678627014160156,0.8066701292991638,0.2536795437335968
94,0.480152428150177,0.6277216672897339,1.0197527408599854,0.26518625020980835,0.3747533857822418,0.6640715003013611,0.20464912056922913,38,0.12512370944023132,188,0.0030591487884521484,53.270538330078125,1015.4688720703125,3107,3107,0.024088541666666668,0.0,0.024088541666666668,0.27591148018836975,1e-05,0.016241636127233505,4.013489723205566,4.859967231750488,0.03779732808470726,-0.054447323083877563,0.9345313906669617,0.1913154572248459
95,0.4813978970050812,0.6305693984031677,1.0455548763275146,0.2680738866329193,0.3779934346675873,0.6467957496643066,0.2047535628080368,54,0.11872556805610657,100,0.00398099422454834,47.87470245361328,1001.076171875,3151,3151,0.014973958333333334,0.0,0.014973958333333334,0.27760419249534607,1e-05,0.017425542697310448,4.098489284515381,4.848512172698975,0.0434732548892498,-0.055888570845127106,0.808600664138794,0.2333892285823822
96,0.4836309552192688,0.6377466320991516,1.0711169242858887,0.2679233253002167,0.3713272511959076,0.7040464282035828,0.20482613146305084,35,0.20699763298034668,135,0.004018306732177734,48.072628021240234,1022.2979736328125,3143,3143,0.018880208333333332,0.0,0.018880208333333332,0.27955731749534607,1e-05,0.01814342476427555,4.062987327575684,4.844454288482666,0.04013678431510925,-0.056672897189855576,0.8803743124008179,0.23118600249290466
97,0.48050978779792786,0.6273934841156006,1.0283411741256714,0.2647521197795868,0.3669596314430237,0.6621788740158081,0.20480859279632568,54,0.14884492754936218,135,0.004686117172241211,50.573909759521484,1176.45166015625,3150,3150,0.020182291666666668,0.0,0.020182291666666668,0.2790364623069763,1e-05,0.017794057726860046,4.018565654754639,4.844210624694824,0.03116464987397194,-0.054572056978940964,0.8754377365112305,0.21612755954265594
98,0.48599132895469666,0.6417173147201538,1.1546975374221802,0.2689114212989807,0.37518376111984253,0.6678047776222229,0.2048414796590805,60,0.14265123009681702,190,0.004868745803833008,49.16880798339844,1088.49267578125,3058,3058,0.024739583333333332,0.0,0.024739583333333332,0.2871094048023224,1e-05,0.01686779223382473,3.966050863265991,4.832125186920166,0.03322929888963699,-0.05998743698000908,0.9432849884033203,0.18878570199012756
99,0.4828282296657562,0.6316677331924438,1.4399852752685547,0.2683127522468567,0.37624379992485046,0.6474985480308533,0.2049693763256073,50,0.11154496669769287,105,0.004987478256225586,48.24787521362305,1139.4669189453125,3152,3152,0.016276041666666668,0.0,0.016276041666666668,0.2958333492279053,1e-05,0.017649581655859947,3.9375503063201904,4.811743259429932,0.03907020017504692,-0.05765034630894661,0.8478316068649292,0.24762706458568573
100,0.4852088689804077,0.6367095708847046,1.1366467475891113,0.27246496081352234,0.3766273558139801,0.743251621723175,0.2051296830177307,50,0.16876736283302307,119,0.005227327346801758,48.30156326293945,1020.8277587890625,3150,3150,0.020833333333333332,0.0,0.020833333333333332,0.27916666865348816,1e-05,0.01794685795903206,3.997426748275757,4.793431758880615,0.037497710436582565,-0.05778804048895836,0.8971555233001709,0.21823684871196747
101,0.4844245910644531,0.6384869813919067,1.2261826992034912,0.267975389957428,0.3685262203216553,0.7152332067489624,0.2052367627620697,48,0.16160377860069275,126,0.003550708293914795,43.50017547607422,1087.5621337890625,3072,3072,0.021484375,0.0,0.021484375,0.2828125059604645,1e-05,0.01676325686275959,3.9183754920959473,4.787711143493652,0.04125548154115677,-0.055694062262773514,0.8489090800285339,0.22542843222618103
102,0.4819713830947876,0.6395270824432373,1.0583701133728027,0.266075998544693,0.36863869428634644,0.7748265862464905,0.2052297443151474,67,0.15799519419670105,124,0.005732834339141846,49.2159423828125,1029.7808837890625,3163,3163,0.018229166666666668,0.0,0.018229166666666668,0.2708333432674408,1e-05,0.01739407330751419,4.05839729309082,4.78616189956665,0.03713468834757805,-0.05610014870762825,0.865554928779602,0.20055639743804932
103,0.4896252155303955,0.6462444067001343,0.991692304611206,0.27455735206604004,0.37755849957466125,0.6893271803855896,0.20525798201560974,67,0.12535664439201355,126,0.005890548229217529,48.06959533691406,986.8281860351562,3160,3160,0.018880208333333332,0.0,0.018880208333333332,0.28958335518836975,1e-05,0.01850547455251217,4.0159759521484375,4.781138896942139,0.03624561429023743,-0.05402342602610588,0.9067589044570923,0.21399639546871185
104,0.477803111076355,0.6314406991004944,0.9891494512557983,0.2664448022842407,0.37184688448905945,0.6681963205337524,0.20530709624290466,48,0.10859015583992004,122,0.005999267101287842,45.77874755859375,1104.8831787109375,3133,3133,0.020182291666666668,0.0,0.020182291666666668,0.28463542461395264,1e-05,0.01795041188597679,4.062834739685059,4.761734962463379,0.03986970707774162,-0.05831615999341011,0.8497143983840942,0.2610858678817749
105,0.48146021366119385,0.6396780014038086,1.0636401176452637,0.2667727470397949,0.367713063955307,0.6898197531700134,0.20551948249340057,56,0.0884450376033783,150,0.004734396934509277,47.41400909423828,1315.3173828125,3131,3131,0.018229166666666668,0.0,0.018229166666666668,0.2819010615348816,1e-05,0.01662169024348259,4.050476551055908,4.73215913772583,0.03754596412181854,-0.058493852615356445,0.8347619771957397,0.23866777122020721
106,0.4844556748867035,0.6398888230323792,1.0821762084960938,0.2687447667121887,0.3751782178878784,0.7033061981201172,0.2057127207517624,60,0.1892203390598297,127,0.005019009113311768,51.188560485839844,1123.62890625,3047,3047,0.01953125,0.0,0.01953125,0.2925781309604645,1e-05,0.018991876393556595,4.065861701965332,4.7107343673706055,0.034133002161979675,-0.05725638195872307,0.8704733848571777,0.21647363901138306
107,0.4830080270767212,0.6370227336883545,1.0333054065704346,0.26908573508262634,0.37183138728141785,0.7342587113380432,0.20583584904670715,56,0.13851383328437805,127,0.004842102527618408,55.61997604370117,995.9053955078125,3091,3091,0.020182291666666668,0.0,0.020182291666666668,0.2871094048023224,1e-05,0.018069399520754814,3.9990105628967285,4.69445276260376,0.03398511931300163,-0.05731816962361336,0.8631693124771118,0.22388359904289246
108,0.48401278257369995,0.641772985458374,1.1272337436676025,0.26671528816223145,0.36911407113075256,0.6877064108848572,0.20593906939029694,58,0.17930972576141357,126,0.004222512245178223,47.95824432373047,1090.8258056640625,3019,3019,0.01953125,0.0,0.01953125,0.2782552242279053,1e-05,0.016717471182346344,4.092860698699951,4.680882453918457,0.04285754635930061,-0.0568988099694252,0.8262543678283691,0.2835637032985687
109,0.4882267117500305,0.6476219892501831,1.0929845571517944,0.2710137367248535,0.37206292152404785,0.7246600985527039,0.2060357928276062,73,0.1326640248298645,174,0.005756378173828125,52.606014251708984,1471.787109375,3034,3034,0.020833333333333332,0.0,0.020833333333333332,0.28697916865348816,1e-05,0.01820356771349907,4.010939598083496,4.6727471351623535,0.03697706386446953,-0.05823829397559166,0.8750425577163696,0.23212748765945435
110,0.4884050786495209,0.6443158388137817,1.173511028289795,0.2728569507598877,0.3842041790485382,0.6726356148719788,0.2060585916042328,46,0.09683787822723389,122,0.0053441524505615234,51.83429718017578,949.1235961914062,3048,3048,0.01953125,0.0,0.01953125,0.2682291865348816,1e-05,0.01806037127971649,3.9247348308563232,4.663151741027832,0.035506803542375565,-0.055711813271045685,0.8623756170272827,0.20519626140594482
111,0.48910555243492126,0.6503885388374329,1.134723424911499,0.2757434844970703,0.3856674134731293,0.8378323912620544,0.20616917312145233,59,0.15059632062911987,129,0.0035521388053894043,48.6026496887207,1150.751220703125,3121,3121,0.020833333333333332,0.0,0.020833333333333332,0.30195313692092896,1e-05,0.018365006893873215,4.0839104652404785,4.659317493438721,0.03588205575942993,-0.05794426426291466,0.897819995880127,0.223186656832695
112,0.4874284863471985,0.6451349854469299,1.1796913146972656,0.27880364656448364,0.3911661207675934,0.7561110854148865,0.2061031013727188,54,0.15569472312927246,130,0.00584179162979126,52.04082489013672,872.2459716796875,3093,3093,0.015625,0.0,0.015625,0.28138023614883423,1e-05,0.01691136509180069,3.9501378536224365,4.66139030456543,0.0340568944811821,-0.05609787628054619,0.9052402377128601,0.17209625244140625
113,0.49599191546440125,0.6537085771560669,1.312427043914795,0.2817094922065735,0.4017668068408966,0.7566256523132324,0.20616619288921356,74,0.21061575412750244,99,0.004060208797454834,49.655296325683594,954.2471923828125,3105,3105,0.024739583333333332,0.0,0.024739583333333332,0.2660156488418579,1e-05,0.01552070677280426,4.070550441741943,4.6506781578063965,0.03817927837371826,-0.056867409497499466,0.9547034502029419,0.21639488637447357
114,0.48630377650260925,0.6438896656036377,1.1474084854125977,0.27391165494918823,0.38474881649017334,0.6813625693321228,0.20621661841869354,54,0.22149431705474854,122,0.005891382694244385,48.900665283203125,1095.49609375,3114,3114,0.013671875,0.0,0.013671875,0.3083333373069763,1e-05,0.019607095047831535,3.7822396755218506,4.655269145965576,0.039423540234565735,-0.06014379858970642,0.7914125919342041,0.2739940583705902
115,0.48601627349853516,0.644874632358551,1.192770004272461,0.272405743598938,0.38243433833122253,0.8514726758003235,0.2061459720134735,51,0.2223251760005951,200,0.004917502403259277,49.510189056396484,1019.2032470703125,3040,3040,0.020182291666666668,0.0,0.020182291666666668,0.2914062738418579,1e-05,0.018201414495706558,4.066787242889404,4.652516841888428,0.03696192428469658,-0.05637631565332413,0.9041818380355835,0.20663884282112122
116,0.492563933134079,0.6538220047950745,1.0583491325378418,0.27702227234840393,0.38768237829208374,0.8023703098297119,0.2062263935804367,63,0.13110750913619995,87,0.006050825119018555,49.95301818847656,1045.1790771484375,3054,3054,0.020833333333333332,0.0,0.020833333333333332,0.3007812798023224,1e-05,0.01954072155058384,3.973618745803833,4.64552640914917,0.036235760897397995,-0.058868713676929474,0.8194171190261841,0.2575264871120453
117,0.49335673451423645,0.6517311334609985,1.0607106685638428,0.2802591323852539,0.393103688955307,0.7865733504295349,0.20624160766601562,58,0.12510395050048828,151,0.0052024126052856445,51.93551254272461,1028.4578857421875,3033,3033,0.020833333333333332,0.0,0.020833333333333332,0.2938802242279053,1e-05,0.01884407550096512,4.001893997192383,4.645277976989746,0.032194022089242935,-0.05741637945175171,0.8420610427856445,0.2545963227748871
118,0.48674237728118896,0.6477406620979309,1.0602056980133057,0.27602389454841614,0.3822689950466156,0.8056302070617676,0.2062530517578125,52,0.12984922528266907,148,0.0047324299812316895,52.27942657470703,1056.127685546875,3082,3082,0.018229166666666668,0.0,0.018229166666666668,0.28919273614883423,1e-05,0.016373591497540474,3.858574390411377,4.638961315155029,0.036270495504140854,-0.058612365275621414,0.772741973400116,0.28003665804862976
119,0.491658478975296,0.6487424969673157,1.3078830242156982,0.2804762125015259,0.39065277576446533,0.8194976449012756,0.20632106065750122,68,0.12659680843353271,154,0.006315410137176514,58.63643264770508,948.69970703125,3107,3107,0.018229166666666668,0.0,0.018229166666666668,0.27200523018836975,1e-05,0.01634928025305271,4.0598835945129395,4.6355438232421875,0.03694847971200943,-0.05671718344092369,0.8204013705253601,0.24825632572174072
120,0.4941796660423279,0.6580769419670105,1.140012264251709,0.2818669080734253,0.4069308042526245,0.7926917672157288,0.20630338788032532,73,0.17538303136825562,128,0.005969047546386719,50.606868743896484,1108.0419921875,3055,3055,0.022786458333333332,0.0,0.022786458333333332,0.283203125,1e-05,0.01746637560427189,3.954766035079956,4.635262966156006,0.03356851637363434,-0.057435788214206696,0.8666232824325562,0.2235555499792099
121,0.4974125921726227,0.6667159199714661,1.1081072092056274,0.28757721185684204,0.4172137379646301,0.7899250984191895,0.20634964108467102,58,0.1393788754940033,115,0.0041016340255737305,51.785675048828125,613.727783203125,3180,3180,0.012369791666666666,0.0,0.012369791666666666,0.2880208492279053,1e-05,0.018070273101329803,4.056276321411133,4.630174160003662,0.04251689836382866,-0.056234538555145264,0.8609873652458191,0.23879873752593994
122,0.49697738885879517,0.6601537466049194,1.1204566955566406,0.2880500853061676,0.4134005904197693,0.9218829274177551,0.2063532918691635,67,0.14664462208747864,156,0.005493044853210449,49.279380798339844,1206.813720703125,3049,3049,0.024739583333333332,0.0,0.024739583333333332,0.27369794249534607,1e-05,0.015644997358322144,4.148538589477539,4.6366801261901855,0.040418606251478195,-0.05503616854548454,0.9387621879577637,0.19680872559547424
123,0.49307817220687866,0.6512812972068787,1.1904126405715942,0.2799151837825775,0.40252211689949036,0.8305294513702393,0.20628808438777924,74,0.1468297243118286,95,0.0051400065422058105,53.84526824951172,978.5029296875,3080,3080,0.016927083333333332,0.0,0.016927083333333332,0.28828126192092896,1e-05,0.017094982787966728,3.9861340522766113,4.6294636726379395,0.03744281083345413,-0.055167317390441895,0.8103369474411011,0.24545523524284363
124,0.4917050898075104,0.6488171219825745,1.2174235582351685,0.2803265154361725,0.3945748507976532,0.8306175470352173,0.20643611252307892,54,0.1352781057357788,200,0.0039879679679870605,53.63789749145508,941.6994018554688,2989,2989,0.0234375,0.0,0.0234375,0.28736981749534607,1e-05,0.01669158600270748,3.8295326232910156,4.609260082244873,0.03407703712582588,-0.05910981819033623,0.9403136968612671,0.17201709747314453
125,0.4978736937046051,0.6596863269805908,1.09488844871521,0.2879071831703186,0.41078105568885803,0.8652294874191284,0.20656348764896393,70,0.16626980900764465,104,0.0045760273933410645,54.77589416503906,1037.1865234375,3084,3084,0.018229166666666668,0.0,0.018229166666666668,0.29908856749534607,1e-05,0.017395243048667908,3.9738547801971436,4.594780445098877,0.03271844610571861,-0.05566541478037834,0.8924986720085144,0.19630834460258484
126,0.49754196405410767,0.656398594379425,1.1467041969299316,0.28885897994041443,0.40992841124534607,0.788752555847168,0.20664262771606445,63,0.13857540488243103,102,0.006354689598083496,52.00954818725586,1365.673583984375,3004,3004,0.01953125,0.0,0.01953125,0.27786460518836975,1e-05,0.016688037663698196,4.06342887878418,4.578912258148193,0.03505813330411911,-0.05791167542338371,0.9097840189933777,0.19788525998592377
127,0.49972590804100037,0.6687411069869995,1.1300534009933472,0.2874104082584381,0.40447717905044556,0.9499034881591797,0.20678140223026276,71,0.1671934425830841,116,0.0062950849533081055,54.22428512573242,1114.4990234375,3040,3040,0.01953125,0.0,0.01953125,0.263671875,1e-05,0.01598844863474369,4.040000915527344,4.562321186065674,0.03314201533794403,-0.0569150410592556,0.848753809928894,0.23708900809288025
128,0.49468642473220825,0.6571336388587952,1.1399123668670654,0.28428903222084045,0.4005345404148102,0.8656361699104309,0.20686949789524078,81,0.16714566946029663,152,0.005699038505554199,51.16021728515625,1017.8035888671875,3087,3087,0.01953125,0.0,0.01953125,0.29088541865348816,1e-05,0.01715170033276081,4.040749549865723,4.555438041687012,0.0336766354739666,-0.05835365876555443,0.8573114275932312,0.2155291885137558
129,0.4964006245136261,0.6651560068130493,1.2291781902313232,0.29327282309532166,0.4151157736778259,0.8713071942329407,0.20691215991973877,72,0.20454171299934387,101,0.004375457763671875,50.27865219116211,906.1653442382812,3060,3060,0.020833333333333332,0.0,0.020833333333333332,0.28723961114883423,1e-05,0.017542671412229538,3.9522056579589844,4.548625469207764,0.034538786858320236,-0.05980924516916275,0.8412156105041504,0.24080197513103485
130,0.4983973801136017,0.6625415682792664,1.1060779094696045,0.28691965341567993,0.4028692841529846,0.9451292157173157,0.20696592330932617,61,0.14114698767662048,127,0.005567193031311035,49.32748794555664,1157.390380859375,3062,3062,0.020833333333333332,0.0,0.020833333333333332,0.30065104365348816,1e-05,0.018692538142204285,3.9864890575408936,4.534633636474609,0.03275904059410095,-0.060817111283540726,0.8319088816642761,0.2583712935447693
131,0.503463864326477,0.6642265915870667,1.1367294788360596,0.29277893900871277,0.4067249298095703,0.9055610299110413,0.2071107029914856,71,0.21441704034805298,164,0.0056326985359191895,50.227840423583984,1258.5469970703125,3037,3037,0.021484375,0.0,0.021484375,0.2764323055744171,1e-05,0.016245447099208832,4.199042797088623,4.512609004974365,0.03280973434448242,-0.058986764401197433,0.8977394104003906,0.18878374993801117
132,0.5015943050384521,0.6669344305992126,1.2083020210266113,0.29067838191986084,0.4156045615673065,0.8421823978424072,0.20727214217185974,80,0.15255334973335266,119,0.004585921764373779,48.768375396728516,1223.116455078125,3045,3045,0.017578125,0.0,0.017578125,0.2701823115348816,1e-05,0.01655072718858719,4.016032695770264,4.503321647644043,0.03253985568881035,-0.05483800172805786,0.867870032787323,0.22247397899627686
133,0.5016412138938904,0.6645875573158264,1.1859130859375,0.28988009691238403,0.41444772481918335,0.8487740159034729,0.20727087557315826,68,0.11651936173439026,142,0.005568385124206543,61.84707260131836,979.777099609375,3114,3114,0.022135416666666668,0.0,0.022135416666666668,0.28346356749534607,1e-05,0.01838664524257183,3.979346513748169,4.514707088470459,0.026042524725198746,-0.0560917854309082,0.9458107948303223,0.20016895234584808
134,0.5040921568870544,0.6637851595878601,1.1399097442626953,0.2897511124610901,0.41253456473350525,0.8349226713180542,0.20713047683238983,80,0.10564196109771729,105,0.005170762538909912,46.77681350708008,875.5294799804688,3098,3098,0.018880208333333332,0.0,0.018880208333333332,0.3055989742279053,1e-05,0.01915256306529045,4.003733158111572,4.5180559158325195,0.03080177865922451,-0.057492174208164215,0.8579322695732117,0.24010038375854492
135,0.5007064342498779,0.671535074710846,1.3282876014709473,0.2928762435913086,0.42017698287963867,0.8462178707122803,0.20722049474716187,89,0.17965969443321228,126,0.0033391714096069336,54.09545135498047,1629.7078857421875,3057,3057,0.020833333333333332,0.0,0.020833333333333332,0.2721354365348816,1e-05,0.017377670854330063,4.142007350921631,4.490108013153076,0.02872760035097599,-0.05287807807326317,0.855794370174408,0.2619816064834595
136,0.5033085346221924,0.665019154548645,1.387913703918457,0.2904568016529083,0.4154531955718994,0.8998744487762451,0.2074754685163498,71,0.15280014276504517,156,0.0036843419075012207,48.235084533691406,1073.9345703125,3013,3013,0.01953125,0.0,0.01953125,0.29739585518836975,1e-05,0.019618496298789978,3.9100098609924316,4.464381694793701,0.031181244179606438,-0.06245673447847366,0.8101016879081726,0.2710592746734619
137,0.5070456266403198,0.6697098612785339,1.211198091506958,0.2924875319004059,0.41238701343536377,0.8908032774925232,0.20760494470596313,74,0.1951402723789215,136,0.004437565803527832,54.16160583496094,815.1866455078125,3061,3061,0.017578125,0.0,0.017578125,0.2734375,1e-05,0.017082244157791138,4.111157417297363,4.456406593322754,0.033042412251234055,-0.05423642322421074,0.7822438478469849,0.2861669957637787
138,0.5026792883872986,0.6725321412086487,1.1470699310302734,0.2995195984840393,0.42414790391921997,0.9193732142448425,0.20762309432029724,77,0.2116565704345703,153,0.003995954990386963,47.9015998840332,847.330810546875,3003,3003,0.0234375,0.0,0.0234375,0.2929687798023224,1e-05,0.017531955614686012,4.083353519439697,4.455124855041504,0.030154287815093994,-0.05654853209853172,0.8936042785644531,0.1929563730955124
139,0.5068177580833435,0.6764228343963623,1.157047152519226,0.3017573058605194,0.42946621775627136,1.0108065605163574,0.20762963593006134,70,0.23620831966400146,117,0.003412783145904541,54.689674377441406,1059.7906494140625,3101,3101,0.017578125,0.0,0.017578125,0.27565106749534607,1e-05,0.01693371683359146,4.1781134605407715,4.45589017868042,0.028243599459528923,-0.05577807500958443,0.9333995580673218,0.18186938762664795
140,0.5094539523124695,0.6765217185020447,1.100571632385254,0.30177152156829834,0.4314673840999603,0.9908170700073242,0.20762234926223755,68,0.17829307913780212,92,0.002900421619415283,46.62800598144531,1041.645751953125,3043,3043,0.020182291666666668,0.0,0.020182291666666668,0.29713544249534607,1e-05,0.019835231825709343,3.971062183380127,4.446383953094482,0.026312286034226418,-0.058621179312467575,0.8622359037399292,0.24505385756492615
141,0.5084943771362305,0.6716197729110718,1.1822738647460938,0.3017500638961792,0.4223559498786926,0.9093229174613953,0.20775766670703888,77,0.1870543658733368,138,0.005365252494812012,52.68621063232422,1344.697998046875,3102,3102,0.01953125,0.0,0.01953125,0.2955729365348816,1e-05,0.02007175423204899,4.154072284698486,4.426790714263916,0.024697037413716316,-0.0539463646709919,0.9352036714553833,0.19311437010765076
142,0.5047129392623901,0.680639922618866,1.2248616218566895,0.307783842086792,0.43367353081703186,0.8216043710708618,0.20788924396038055,81,0.20753195881843567,126,0.005096137523651123,47.77240753173828,1305.783203125,3052,3052,0.0234375,0.0,0.0234375,0.2692708373069763,1e-05,0.016754474490880966,3.9926116466522217,4.417725086212158,0.024692712351679802,-0.053283143788576126,0.8458260297775269,0.24646878242492676
143,0.5062137842178345,0.6785851120948792,1.2719528675079346,0.3045791685581207,0.42984646558761597,0.9068097472190857,0.20791876316070557,89,0.18890056014060974,123,0.004792571067810059,50.179073333740234,1141.528076171875,3079,3079,0.016927083333333332,0.0,0.016927083333333332,0.26953125,1e-05,0.017056412994861603,4.0315752029418945,4.412251949310303,0.024276085197925568,-0.054788488894701004,0.872959315776825,0.19974540174007416
144,0.512688398361206,0.6767491698265076,1.22027587890625,0.3076992928981781,0.4329718351364136,0.8511590957641602,0.20796562731266022,88,0.1621212661266327,82,0.004836618900299072,47.084693908691406,1083.1627197265625,3071,3071,0.0234375,0.0,0.0234375,0.2955729365348816,1e-05,0.018619354814291,4.110318183898926,4.403311729431152,0.02758965827524662,-0.05690455064177513,0.8922504186630249,0.21774443984031677
145,0.5126669406890869,0.6906318664550781,1.1734633445739746,0.31144508719444275,0.43476247787475586,0.8602687120437622,0.208064004778862,83,0.18560495972633362,131,0.006354153156280518,54.98378372192383,899.4173583984375,3058,3058,0.016276041666666668,0.0,0.016276041666666668,0.2842448055744171,1e-05,0.01815560832619667,4.060905933380127,4.381081581115723,0.02986658550798893,-0.056153591722249985,0.8818311095237732,0.23312173783779144
146,0.51869797706604,0.6833662986755371,1.2438948154449463,0.3169045150279999,0.4462902843952179,0.8397555351257324,0.20827093720436096,101,0.168928861618042,108,0.004746437072753906,48.64965057373047,1078.8731689453125,3094,3094,0.020182291666666668,0.0,0.020182291666666668,0.2848958373069763,1e-05,0.017602382227778435,4.025111675262451,4.349852085113525,0.027769366279244423,-0.059188362210989,0.8602393865585327,0.24958568811416626
147,0.5155020952224731,0.6881970763206482,1.1545417308807373,0.3142955005168915,0.4422621726989746,0.935336709022522,0.2084958702325821,91,0.15808948874473572,112,0.005141019821166992,53.78636169433594,1382.654541015625,3069,3069,0.017578125,0.0,0.017578125,0.30286461114883423,1e-05,0.01844910904765129,3.9698150157928467,4.3338141441345215,0.02426036261022091,-0.06032833456993103,0.8641554713249207,0.2006356418132782
148,0.5135641694068909,0.6779380440711975,1.1386607885360718,0.3129924535751343,0.43798381090164185,0.8494219779968262,0.20853227376937866,103,0.20877638459205627,122,0.0048119425773620605,53.29018020629883,1074.08544921875,3011,3011,0.021484375,0.0,0.021484375,0.27356773614883423,1e-05,0.01726006157696247,4.020272731781006,4.324821472167969,0.02566932514309883,-0.05722217634320259,0.8754226565361023,0.23811762034893036
149,0.5228940844535828,0.6949958801269531,1.1547815799713135,0.3208753764629364,0.44955554604530334,1.1039226055145264,0.208620086312294,97,0.2210361659526825,119,0.005415081977844238,49.35011672973633,975.684814453125,3053,3053,0.01953125,0.0,0.01953125,0.28111979365348816,1e-05,0.017510345205664635,4.102884769439697,4.319411754608154,0.030515015125274658,-0.0556560717523098,0.8556020259857178,0.25198888778686523
150,0.5183191895484924,0.6949957013130188,1.2065266370773315,0.3206074833869934,0.4491994082927704,0.9613956212997437,0.20861229300498962,104,0.18391364812850952,111,0.006262362003326416,50.78935623168945,978.8521118164062,2995,2995,0.01953125,0.0,0.01953125,0.28007814288139343,1e-05,0.018323257565498352,4.028504848480225,4.321017742156982,0.031199023127555847,-0.05900502949953079,0.8370646834373474,0.2562450170516968
151,0.5198731422424316,0.688456118106842,1.2618474960327148,0.3182966709136963,0.4468884766101837,0.799601674079895,0.20861487090587616,89,0.1500316858291626,137,0.0043656229972839355,47.20297622680664,1076.8046875,3022,3022,0.01953125,0.0,0.01953125,0.2845052182674408,1e-05,0.018499327823519707,4.256509304046631,4.321192264556885,0.026730654761195183,-0.05502162501215935,0.8443578481674194,0.23126965761184692
152,0.5188283324241638,0.6893891096115112,1.2325255870819092,0.3211701810359955,0.45273736119270325,0.9374447464942932,0.20860978960990906,100,0.1880759298801422,125,0.004217922687530518,52.956214904785156,884.353271484375,3028,3028,0.018880208333333332,0.0,0.018880208333333332,0.30130210518836975,1e-05,0.020522477105259895,4.020637512207031,4.317705154418945,0.02659463696181774,-0.058308180421590805,0.8542014956474304,0.22845610976219177
153,0.525413990020752,0.701539933681488,1.2423679828643799,0.32725828886032104,0.4556971490383148,0.8799791932106018,0.20867827534675598,101,0.2033505141735077,124,0.009186804294586182,48.17023468017578,1031.61767578125,3010,3010,0.0234375,0.0,0.0234375,0.2757812738418579,1e-05,0.017565740272402763,4.136437892913818,4.320018291473389,0.023474663496017456,-0.056525107473134995,0.9425467252731323,0.19474384188652039
154,0.5269625782966614,0.7079131603240967,1.3543450832366943,0.3301025331020355,0.4699611961841583,1.0069620609283447,0.20859575271606445,86,0.1450914442539215,98,0.004252374172210693,51.69417953491211,1318.8564453125,3085,3085,0.018229166666666668,0.0,0.018229166666666668,0.2710937559604645,1e-05,0.016810934990644455,4.340697765350342,4.319889068603516,0.028111202642321587,-0.05298584699630737,0.8865586519241333,0.23822765052318573
155,0.5269737839698792,0.703357458114624,1.2462307214736938,0.3259439170360565,0.4628311097621918,0.9861842393875122,0.20865890383720398,113,0.253785103559494,148,0.005341291427612305,48.182823181152344,1098.2593994140625,3006,3006,0.018229166666666668,0.0,0.018229166666666668,0.2847656309604645,1e-05,0.01975681073963642,4.126990795135498,4.316834449768066,0.031454216688871384,-0.05743243172764778,0.8136943578720093,0.2506099045276642
156,0.5282076001167297,0.7044804096221924,1.4111318588256836,0.32905447483062744,0.4634259045124054,1.0164457559585571,0.2086520940065384,85,0.16154757142066956,116,0.005592286586761475,48.064292907714844,1002.6713256835938,2958,2958,0.01953125,0.0,0.01953125,0.28697916865348816,1e-05,0.0165109746158123,3.9927406311035156,4.318151473999023,0.030222088098526,-0.05908431485295296,0.7903823852539062,0.2791474759578705
157,0.5253905057907104,0.6988610029220581,1.3458449840545654,0.3307932913303375,0.46059155464172363,0.9531087279319763,0.20862838625907898,93,0.2095986306667328,101,0.005322873592376709,48.11454391479492,796.1396484375,2978,2978,0.020182291666666668,0.0,0.020182291666666668,0.2701823115348816,1e-05,0.017891868948936462,4.148037433624268,4.311491966247559,0.026495888829231262,-0.052797045558691025,0.8090586066246033,0.25262415409088135
158,0.5285733342170715,0.7110673785209656,1.3814656734466553,0.33572742342948914,0.4764767587184906,1.0441367626190186,0.20874711871147156,92,0.1506427824497223,141,0.005030333995819092,59.60453796386719,756.966064453125,3033,3033,0.015625,0.0,0.015625,0.28958335518836975,1e-05,0.018781229853630066,4.148051738739014,4.302230358123779,0.030803058296442032,-0.057292040437459946,0.8697165250778198,0.20905357599258423
159,0.528928816318512,0.7059550881385803,1.496527910232544,0.3364078402519226,0.47653186321258545,0.9080154895782471,0.20875270664691925,100,0.25076326727867126,122,0.0050727128982543945,54.96271514892578,1373.1160888671875,2950,2950,0.024739583333333332,0.0,0.024739583333333332,0.27916666865348816,1e-05,0.018394213169813156,4.301154613494873,4.3045735359191895,0.030209053307771683,-0.052879698574543,0.8621870875358582,0.23662851750850677
160,0.5369076728820801,0.7115846276283264,1.2161972522735596,0.3454132676124573,0.4867507219314575,0.9627313613891602,0.20874154567718506,104,0.2233104407787323,113,0.0050283074378967285,50.000274658203125,887.0872802734375,3090,3090,0.012369791666666666,0.0,0.012369791666666666,0.2665364742279053,1e-05,0.016392946243286133,4.341649055480957,4.307335376739502,0.03120097890496254,-0.054243601858615875,0.8482450842857361,0.22308185696601868
161,0.5336470007896423,0.7143517136573792,1.5273585319519043,0.34305301308631897,0.4897472858428955,0.9093295931816101,0.20870700478553772,110,0.15793779492378235,112,0.007265329360961914,55.84516143798828,974.62353515625,2946,2946,0.025390625,0.0,0.025390625,0.2966145873069763,1e-05,0.018984362483024597,4.161314964294434,4.302041053771973,0.02851499430835247,-0.055537283420562744,0.905850887298584,0.22052964568138123
162,0.5364121794700623,0.7150241732597351,1.1865665912628174,0.3436175286769867,0.4850403964519501,0.987558901309967,0.208818718791008,127,0.18161606788635254,129,0.004483640193939209,50.34645462036133,946.7146606445312,3070,3070,0.016276041666666668,0.0,0.016276041666666668,0.27395835518836975,1e-05,0.01763414964079857,4.297366619110107,4.2844719886779785,0.024764178320765495,-0.0516931377351284,0.8717533349990845,0.20007359981536865
163,0.5374722480773926,0.7175033688545227,1.5241843461990356,0.34319162368774414,0.48512551188468933,0.996573805809021,0.20894232392311096,102,0.23084864020347595,96,0.006738603115081787,53.54242706298828,1128.775146484375,3028,3028,0.025390625,0.0,0.025390625,0.2984375059604645,1e-05,0.018667813390493393,4.168410778045654,4.269256114959717,0.025874918326735497,-0.05626530200242996,0.9706453084945679,0.1788851022720337
164,0.5375942587852478,0.7168387174606323,1.1709221601486206,0.34350916743278503,0.49817410111427307,1.0018720626831055,0.20905141532421112,122,0.1376475691795349,79,0.005966782569885254,48.21926498413086,935.1529541015625,3045,3045,0.014973958333333334,0.0,0.014973958333333334,0.2925781309604645,1e-05,0.018966421484947205,4.229429721832275,4.254798412322998,0.025758592411875725,-0.05430136248469353,0.8865455985069275,0.20444659888744354
165,0.5402493476867676,0.722939133644104,1.4624974727630615,0.3451530933380127,0.49968811869621277,1.030657410621643,0.20914585888385773,129,0.25817814469337463,97,0.004714250564575195,55.766693115234375,983.861083984375,2973,2973,0.022135416666666668,0.0,0.022135416666666668,0.2805989682674408,1e-05,0.017367839813232422,4.3594865798950195,4.2438812255859375,0.02561921440064907,-0.05413270741701126,0.9271471500396729,0.18485359847545624
166,0.5384242534637451,0.7222188711166382,1.5123202800750732,0.3508721590042114,0.5033963322639465,1.0335522890090942,0.20922131836414337,116,0.17810234427452087,90,0.0031238794326782227,54.59018325805664,1033.7994384765625,3070,3070,0.014973958333333334,0.0,0.014973958333333334,0.2985677123069763,1e-05,0.019228002056479454,4.160553455352783,4.235865116119385,0.026027346029877663,-0.055641114711761475,0.8421483039855957,0.21574950218200684
167,0.5430870056152344,0.7208980321884155,1.3683581352233887,0.351097047328949,0.48921945691108704,1.0338830947875977,0.20925526320934296,137,0.22441503405570984,93,0.005727827548980713,48.22305679321289,1223.161376953125,3042,3042,0.021484375,0.0,0.021484375,0.27916666865348816,1e-05,0.018632646650075912,4.254874229431152,4.230168342590332,0.031119316816329956,-0.05477941036224365,0.8802027106285095,0.2360219955444336
168,0.5341334342956543,0.709261953830719,1.4898688793182373,0.3463558256626129,0.49021804332733154,1.198252558708191,0.20931927859783173,127,0.17902624607086182,105,0.005695760250091553,54.734134674072266,1110.156005859375,3054,3054,0.016927083333333332,0.0,0.016927083333333332,0.29127606749534607,1e-05,0.019153976812958717,4.135293960571289,4.208287239074707,0.030941039323806763,-0.05413007736206055,0.8102046847343445,0.27983805537223816
169,0.5415171980857849,0.7229923605918884,1.458858847618103,0.34873563051223755,0.49216198921203613,0.9871728420257568,0.2095317244529724,129,0.15685099363327026,118,0.004283010959625244,54.00537872314453,1242.9093017578125,3032,3032,0.022786458333333332,0.0,0.022786458333333332,0.28632813692092896,1e-05,0.017905494198203087,4.180442810058594,4.182553768157959,0.032883625477552414,-0.056543588638305664,0.8598017692565918,0.22389379143714905
170,0.5376120805740356,0.7220979332923889,1.208134651184082,0.3432978689670563,0.4818963408470154,1.002048134803772,0.2096938192844391,137,0.22862282395362854,93,0.004436969757080078,53.40282440185547,1526.35498046875,3066,3066,0.014973958333333334,0.0,0.014973958333333334,0.2747395932674408,1e-05,0.016844771802425385,4.048628330230713,4.1607747077941895,0.027285350486636162,-0.055942077189683914,0.8076226115226746,0.2564435601234436
171,0.5323662161827087,0.7081754803657532,1.2153429985046387,0.3389548659324646,0.4732206165790558,1.003732681274414,0.20985198020935059,118,0.20728519558906555,125,0.004726052284240723,58.664329528808594,1272.6639404296875,2979,2979,0.024739583333333332,0.0,0.024739583333333332,0.2816406488418579,1e-05,0.017370257526636124,4.1936821937561035,4.152181148529053,0.029059240594506264,-0.05356781557202339,0.8701996803283691,0.25326308608055115
172,0.5313689112663269,0.7092859745025635,1.4570808410644531,0.33790647983551025,0.4836925268173218,1.0705974102020264,0.20983180403709412,113,0.17812615633010864,113,0.006809055805206299,60.95166015625,1044.20556640625,3020,3020,0.015625,0.0,0.015625,0.27617189288139343,1e-05,0.01765022985637188,4.281542778015137,4.154351711273193,0.031382810324430466,-0.052190013229846954,0.805921733379364,0.24650773406028748
173,0.5344112515449524,0.7094368934631348,1.4091697931289673,0.33790144324302673,0.4848509132862091,0.9808648228645325,0.2098512351512909,106,0.20307284593582153,110,0.005129814147949219,58.69310760498047,1047.153564453125,2988,2988,0.020182291666666668,0.0,0.020182291666666668,0.2841145992279053,1e-05,0.017888586968183517,4.02340841293335,4.139930248260498,0.032994192093610764,-0.05801009014248848,0.8331432342529297,0.2526199519634247
174,0.5343407988548279,0.7110716104507446,1.5614707469940186,0.3415646553039551,0.4813779890537262,1.134792447090149,0.21002231538295746,131,0.25425031781196594,109,0.005150973796844482,58.15924072265625,1000.5455322265625,2961,2961,0.020182291666666668,0.0,0.020182291666666668,0.2779948115348816,1e-05,0.01711392216384411,4.10935640335083,4.120118618011475,0.025866059586405754,-0.053877510130405426,0.837172269821167,0.25234735012054443
175,0.5414633750915527,0.7223706841468811,1.5938034057617188,0.3468117415904999,0.4909219443798065,1.0825821161270142,0.21013501286506653,135,0.19643548130989075,147,0.003871023654937744,50.743858337402344,1217.8675537109375,3004,3004,0.020182291666666668,0.0,0.020182291666666668,0.28151044249534607,1e-05,0.017704499885439873,4.247411727905273,4.111971378326416,0.0292033888399601,-0.056647758930921555,0.9051022529602051,0.20416967570781708
176,0.5343204736709595,0.7170218825340271,1.443019151687622,0.34419959783554077,0.49241089820861816,1.0298495292663574,0.21016934514045715,120,0.21013092994689941,69,0.004872024059295654,52.21833038330078,1266.57373046875,3000,3000,0.017578125,0.0,0.017578125,0.2916666865348816,1e-05,0.01992596872150898,4.145822048187256,4.1081366539001465,0.034064944833517075,-0.05224419757723808,0.8230090141296387,0.2697135806083679
177,0.5415291786193848,0.7247381210327148,1.2967166900634766,0.35062742233276367,0.5010321736335754,1.0874061584472656,0.210195392370224,126,0.29418709874153137,101,0.006050229072570801,54.46792984008789,900.0084228515625,2931,2931,0.018880208333333332,0.0,0.018880208333333332,0.28723961114883423,1e-05,0.018293611705303192,4.294332027435303,4.097026348114014,0.03126991167664528,-0.05431322008371353,0.9099770784378052,0.20565885305404663
178,0.5388028025627136,0.7125115394592285,1.4628732204437256,0.34103700518608093,0.4900283217430115,1.1285027265548706,0.21031934022903442,141,0.19477123022079468,82,0.004727721214294434,49.738075256347656,1029.8165283203125,2972,2972,0.01953125,0.0,0.01953125,0.27617189288139343,1e-05,0.017399078235030174,4.2901740074157715,4.0814971923828125,0.027793223038315773,-0.05573287233710289,0.7824058532714844,0.3165993094444275
179,0.5370807647705078,0.7183058857917786,1.2966961860656738,0.3450349271297455,0.4883479177951813,1.159792423248291,0.21041743457317352,113,0.18785297870635986,132,0.004503965377807617,49.84511184692383,934.8235473632812,2994,2994,0.020182291666666668,0.0,0.020182291666666668,0.2886718809604645,1e-05,0.018354468047618866,4.095698356628418,4.0746073722839355,0.02973278798162937,-0.05752531439065933,0.8591949343681335,0.22855603694915771
180,0.5409075021743774,0.7235191464424133,1.4256898164749146,0.3462258577346802,0.49712783098220825,1.279221773147583,0.2104431688785553,132,0.21337896585464478,70,0.0044599175453186035,57.84593200683594,1051.001708984375,2963,2963,0.018229166666666668,0.0,0.018229166666666668,0.28893229365348816,1e-05,0.017400095239281654,4.1660475730896,4.055666923522949,0.03145840764045715,-0.05487218499183655,0.8183109164237976,0.2516225576400757
181,0.5405964255332947,0.7285029888153076,1.2994526624679565,0.34615588188171387,0.49594172835350037,1.015795111656189,0.21066056191921234,139,0.21895113587379456,91,0.008097290992736816,59.47075271606445,1082.854248046875,2966,2966,0.020182291666666668,0.0,0.020182291666666668,0.2750000059604645,1e-05,0.017061330378055573,4.040999412536621,4.040414333343506,0.027939388528466225,-0.05296286940574646,0.8555471897125244,0.25722306966781616
182,0.5350266098976135,0.7202324271202087,1.3787715435028076,0.341693252325058,0.4981427788734436,1.1317235231399536,0.2106848508119583,104,0.18604546785354614,108,0.00534743070602417,49.14388656616211,1065.56591796875,2977,2977,0.01953125,0.0,0.01953125,0.27591148018836975,1e-05,0.01760069653391838,4.159478664398193,4.03003454208374,0.029905149713158607,-0.05588031932711601,0.7793289422988892,0.2918139696121216
183,0.5412324666976929,0.7185024619102478,1.5313360691070557,0.3464166820049286,0.492136150598526,1.1325054168701172,0.21082152426242828,152,0.22057726979255676,117,0.006449222564697266,57.58146667480469,977.805419921875,3024,3024,0.018880208333333332,0.0,0.018880208333333332,0.28736981749534607,1e-05,0.018514113500714302,4.259586811065674,4.01144552230835,0.02772578038275242,-0.05416547879576683,0.8752285838127136,0.214883491396904
184,0.5415158271789551,0.7297276854515076,1.3051425218582153,0.3520723581314087,0.5007784962654114,1.0532763004302979,0.2109507918357849,138,0.20692449808120728,113,0.006761312484741211,49.74129104614258,1332.4893798828125,2970,2970,0.022135416666666668,0.0,0.022135416666666668,0.2783854305744171,1e-05,0.016919296234846115,4.314789295196533,3.998352527618408,0.028184330090880394,-0.05033114179968834,0.8293920755386353,0.2471725195646286
185,0.5426687598228455,0.7242815494537354,1.2978371381759644,0.35394006967544556,0.5019729733467102,1.2199422121047974,0.2110186219215393,156,0.24389711022377014,86,0.006488919258117676,48.06851577758789,1036.5166015625,3042,3042,0.010416666666666666,0.0,0.010416666666666666,0.2977864742279053,1e-05,0.019174467772245407,4.1642374992370605,3.98980450630188,0.02482917532324791,-0.05384690687060356,0.7915153503417969,0.27901196479797363
186,0.5453622341156006,0.7329199910163879,1.317095398902893,0.35251203179359436,0.5155259966850281,1.0946663618087769,0.21108649671077728,121,0.21616050601005554,124,0.005259037017822266,48.159278869628906,1144.1185302734375,2950,2950,0.02734375,0.0,0.02734375,0.2848958373069763,1e-05,0.01859455555677414,4.269867897033691,3.97820782661438,0.021898536011576653,-0.05787734314799309,0.9547265768051147,0.16623371839523315
187,0.5543365478515625,0.7482170462608337,1.6287727355957031,0.3659617304801941,0.5231598019599915,1.0738650560379028,0.21118997037410736,150,0.185115784406662,91,0.004418909549713135,54.98362731933594,832.6238403320312,3057,3057,0.017578125,0.0,0.017578125,0.28789064288139343,1e-05,0.01939981058239937,4.1602463722229,3.961336612701416,0.0236907247453928,-0.053578931838274,0.9201219081878662,0.19849547743797302
188,0.5472413301467896,0.7436035871505737,1.2886021137237549,0.3592095971107483,0.5201804041862488,1.101261019706726,0.21132014691829681,137,0.1955639123916626,79,0.006752371788024902,52.0335578918457,821.5469360351562,2999,2999,0.018880208333333332,0.0,0.018880208333333332,0.27955731749534607,1e-05,0.01832709088921547,4.125297546386719,3.9424304962158203,0.025485683232545853,-0.056133855134248734,0.8743675947189331,0.24089324474334717
189,0.5488215684890747,0.7317778468132019,1.2129342555999756,0.36132195591926575,0.5174957513809204,1.086154818534851,0.21146875619888306,120,0.22915193438529968,119,0.005856335163116455,50.49424362182617,1086.3433837890625,2974,2974,0.020833333333333332,0.0,0.020833333333333332,0.27460938692092896,1e-05,0.017430588603019714,4.183051586151123,3.921091079711914,0.02586001716554165,-0.05433068796992302,0.8868386745452881,0.23912964761257172
190,0.551697313785553,0.7382636666297913,1.2180492877960205,0.3636866509914398,0.5121200680732727,1.0527199506759644,0.2116284817457199,153,0.22405123710632324,106,0.0048500895500183105,54.24348831176758,1050.22900390625,2960,2960,0.016927083333333332,0.0,0.016927083333333332,0.2731770873069763,1e-05,0.017061639577150345,4.221977710723877,3.9062561988830566,0.027933893725275993,-0.05471152067184448,0.7747591733932495,0.28082817792892456
191,0.549218475818634,0.7335588335990906,1.3045735359191895,0.3609676659107208,0.5018855333328247,1.0322542190551758,0.2116941213607788,134,0.31035640835762024,151,0.004732847213745117,58.80397415161133,1028.7393798828125,2920,2920,0.022135416666666668,0.0,0.022135416666666668,0.27916666865348816,1e-05,0.01759917661547661,4.0748209953308105,3.8888134956359863,0.02789425291121006,-0.05504017695784569,0.8629657626152039,0.23245981335639954
192,0.5554035305976868,0.7398326992988586,1.4212844371795654,0.36465778946876526,0.5210652947425842,1.1330331563949585,0.21186473965644836,133,0.2089373767375946,105,0.0049484968185424805,52.82987594604492,1212.3509521484375,3052,3052,0.018229166666666668,0.0,0.018229166666666668,0.2734375,1e-05,0.01614031009376049,4.251242160797119,3.8644959926605225,0.03274821117520332,-0.054963476955890656,0.8792632818222046,0.21647779643535614
193,0.5524680614471436,0.7403276562690735,1.3683069944381714,0.3620055615901947,0.5191285014152527,1.1944676637649536,0.21203608810901642,137,0.2192913293838501,102,0.005411028861999512,57.11186599731445,1283.3726806640625,2951,2951,0.018880208333333332,0.0,0.018880208333333332,0.2861979305744171,1e-05,0.018478207290172577,4.185253143310547,3.847085952758789,0.029924428090453148,-0.05492863059043884,0.8521299362182617,0.22430884838104248
194,0.5481206774711609,0.7327796220779419,1.2689778804779053,0.36397817730903625,0.5111712217330933,1.02769136428833,0.21212777495384216,182,0.257064551115036,121,0.004176735877990723,55.147735595703125,1067.004150390625,3022,3022,0.014973958333333334,0.0,0.014973958333333334,0.2864583432674408,1e-05,0.01822737604379654,4.166140079498291,3.84222412109375,0.03249136731028557,-0.05563342198729515,0.8187499046325684,0.2413806915283203
195,0.5541952848434448,0.7402700185775757,1.2882689237594604,0.3606722950935364,0.5078191161155701,0.9544107913970947,0.21212895214557648,143,0.21771246194839478,111,0.005806088447570801,48.04984664916992,1196.01953125,2908,2908,0.022135416666666668,0.0,0.022135416666666668,0.27877604961395264,1e-05,0.018331807106733322,4.283877849578857,3.8406810760498047,0.026619553565979004,-0.05255453661084175,0.8663181066513062,0.2161775529384613
196,0.5535445213317871,0.7413826584815979,1.2649238109588623,0.36550629138946533,0.5166289210319519,1.0600241422653198,0.21216987073421478,125,0.20329806208610535,108,0.003969311714172363,54.2520637512207,1143.859619140625,2949,2949,0.018880208333333332,0.0,0.018880208333333332,0.2701823115348816,1e-05,0.016339190304279327,4.207217693328857,3.840177297592163,0.033089395612478256,-0.05180481821298599,0.8903273344039917,0.21412353217601776
197,0.5517797470092773,0.7339323163032532,1.544779658317566,0.3617696762084961,0.5045082569122314,1.021889567375183,0.21213820576667786,136,0.29922476410865784,103,0.005069613456726074,51.75438690185547,1120.8548583984375,2918,2918,0.01953125,0.0,0.01953125,0.2829427123069763,1e-05,0.016666576266288757,4.187803268432617,3.849193572998047,0.03360981494188309,-0.053853005170822144,0.8641554713249207,0.2371063232421875
198,0.552807092666626,0.740648090839386,1.321728229522705,0.3634243607521057,0.515525221824646,1.0627104043960571,0.21206121146678925,157,0.220647394657135,122,0.004146277904510498,49.656227111816406,1065.0877685546875,2938,2938,0.01953125,0.0,0.01953125,0.27786460518836975,1e-05,0.0174116138368845,4.175395488739014,3.849555253982544,0.03152885288000107,-0.05367421731352806,0.8748090267181396,0.23046764731407166
199,0.5474200248718262,0.7317366600036621,1.333956241607666,0.3597448766231537,0.5062869787216187,1.0774643421173096,0.21212010085582733,143,0.2439080774784088,126,0.006170868873596191,54.938079833984375,1185.278564453125,2947,2947,0.020182291666666668,0.0,0.020182291666666668,0.2901041805744171,1e-05,0.017634596675634384,4.180552959442139,3.8375236988067627,0.030895790085196495,-0.05522793531417847,0.8191224932670593,0.2642959952354431
200,0.5534809827804565,0.7360709309577942,1.3411259651184082,0.365416020154953,0.5196342468261719,0.972223162651062,0.21223115921020508,159,0.24564388394355774,137,0.005175352096557617,62.739715576171875,1164.9154052734375,2923,2923,0.020182291666666668,0.0,0.020182291666666668,0.28697916865348816,1e-05,0.019542891532182693,4.156094551086426,3.8229942321777344,0.034943513572216034,-0.05461392551660538,0.9088627099990845,0.2030966728925705
