update,raw_action_abs_p95,raw_action_abs_p99,raw_action_abs_max,policy_mean_abs_p95,policy_mean_abs_p99,policy_mean_abs_max,policy_std_mean,target_limit_violation_steps,target_limit_max_excess_rad,actual_limit_violation_steps,actual_limit_max_excess_rad,joint_torque_abs_max,contact_sensor_force_max_N,contact_sensor_contact_elements,robot_ground_contact_steps_proxy,primary_fall_ratio,timeout_ratio,terminated_ratio,ratio_clip_fraction,adaptive_learning_rate_end,kl_mean,gradient_norm,entropy_loss,value_loss,surrogate_loss
1,0.430860698223114,0.5660260915756226,1.0062800645828247,0.18896938860416412,0.24588686227798462,0.3639194369316101,0.20000001788139343,22,0.13690495491027832,34,0.0042005181312561035,47.15741729736328,1277.5882568359375,3004,3004,0.0,0.0,0.0,,0.001,,2.579586982727051,5.452996730804443,0.011547346599400043,0.07824209332466125
2,0.44858598709106445,0.5922806859016418,0.9979945421218872,0.21758699417114258,0.2833780348300934,0.441183477640152,0.2006465047597885,43,0.09510698914527893,418,0.004204690456390381,51.393550872802734,1188.62890625,2849,2849,0.026692708333333332,0.0,0.026692708333333332,,1e-05,,5.441181182861328,5.407336711883545,3.226433515548706,-0.05542584881186485
3,0.44593268632888794,0.5801784992218018,0.9236871004104614,0.20312030613422394,0.2684181332588196,0.47443923354148865,0.200945183634758,22,0.0778757631778717,72,0.003789544105529785,52.68782424926758,1127.1007080078125,3216,3216,0.013020833333333334,0.0,0.013020833333333334,,1e-05,,3.1576366424560547,5.374701023101807,0.6450504660606384,-0.03925048187375069
4,0.44903725385665894,0.5895410776138306,1.011162519454956,0.21129029989242554,0.27636435627937317,0.4142313003540039,0.20116016268730164,30,0.1413082778453827,276,0.004418790340423584,48.809967041015625,1042.6722412109375,2940,2940,0.02734375,0.0,0.02734375,,1e-05,,5.053175926208496,5.339314937591553,2.6964259147644043,-0.06145331263542175
5,0.44769057631492615,0.5915489792823792,1.0547209978103638,0.20969270169734955,0.27572494745254517,0.47702232003211975,0.20139960944652557,44,0.1166452169418335,166,0.0032262802124023438,44.9929313659668,898.9339599609375,3079,3079,0.014322916666666666,0.0,0.014322916666666666,,1e-05,,3.7754180431365967,5.311723232269287,0.9591767191886902,-0.05397670343518257
6,0.4479660093784332,0.5880215764045715,0.9131912589073181,0.2107248306274414,0.2758949398994446,0.47434982657432556,0.20157408714294434,33,0.08772778511047363,259,0.0040947794914245605,46.69041061401367,898.7056884765625,3059,3059,0.025390625,0.0,0.025390625,,1e-05,,4.93368673324585,5.283575534820557,1.6460285186767578,-0.05874432250857353
7,0.4491250216960907,0.589212954044342,0.9954783916473389,0.21106353402137756,0.27749189734458923,0.4590725898742676,0.20178274810314178,26,0.12021130323410034,153,0.0035514235496520996,47.46927261352539,1028.949462890625,3088,3088,0.014973958333333334,0.0,0.014973958333333334,,1e-05,,4.126443862915039,5.250581741333008,0.800412118434906,-0.05438397079706192
8,0.4491424858570099,0.5893380045890808,0.9421326518058777,0.21322767436504364,0.28388211131095886,0.4490741491317749,0.20201535522937775,32,0.08280819654464722,226,0.005014300346374512,55.203269958496094,790.109619140625,3008,3008,0.020833333333333332,0.0,0.020833333333333332,,1e-05,,4.694660663604736,5.22713041305542,0.849020779132843,-0.05719737336039543
9,0.45180654525756836,0.5919957756996155,0.9402114748954773,0.21448500454425812,0.2804083824157715,0.45791375637054443,0.20213663578033447,27,0.12934917211532593,190,0.005817115306854248,49.16014862060547,1191.0908203125,3056,3056,0.020833333333333332,0.0,0.020833333333333332,,1e-05,,4.5696282386779785,5.201812744140625,0.6011366844177246,-0.058340586721897125
10,0.450771301984787,0.594435453414917,0.9609769582748413,0.21113775670528412,0.277328759431839,0.4684458374977112,0.20234689116477966,35,0.06798836588859558,208,0.004303872585296631,57.3764762878418,934.8612060546875,3021,3021,0.021484375,0.0,0.021484375,,1e-05,,4.5017805099487305,5.174624919891357,0.49212342500686646,-0.057460587471723557
11,0.4488588273525238,0.5894991755485535,0.928757905960083,0.21221409738063812,0.27852490544319153,0.4337305724620819,0.2025306522846222,29,0.13277533650398254,190,0.004839658737182617,48.54869079589844,784.090087890625,3025,3025,0.0234375,0.0,0.0234375,,1e-05,,4.408458709716797,5.143819332122803,0.450297087430954,-0.059830497950315475
12,0.44986823201179504,0.5934635996818542,0.9679309129714966,0.21498830616474152,0.2841208875179291,0.49705907702445984,0.2027757167816162,25,0.05121311545372009,146,0.004712939262390137,53.843074798583984,1157.6688232421875,3066,3066,0.018229166666666668,0.0,0.018229166666666668,,1e-05,,4.2977495193481445,5.115972518920898,0.3132685124874115,-0.05882114917039871
13,0.45229965448379517,0.5891169905662537,0.9803242087364197,0.2140188068151474,0.2811347544193268,0.4856240749359131,0.20291313529014587,28,0.168148010969162,189,0.003652215003967285,48.387916564941406,1164.4302978515625,3012,3012,0.01953125,0.0,0.01953125,,1e-05,,4.4886155128479,5.101293087005615,0.3131473958492279,-0.056605465710163116
14,0.4470987915992737,0.5929582118988037,0.9258782863616943,0.21154403686523438,0.2781926393508911,0.4667261838912964,0.20301568508148193,31,0.09853586554527283,172,0.00649791955947876,47.059730529785156,907.8009033203125,3071,3071,0.020833333333333332,0.0,0.020833333333333332,,1e-05,,4.188352108001709,5.067748069763184,0.2489403337240219,-0.05957068130373955
15,0.45459914207458496,0.6064817905426025,1.0991121530532837,0.2147769182920456,0.2842313349246979,0.46806713938713074,0.2033551037311554,42,0.16769027709960938,197,0.003182828426361084,49.81170654296875,1129.8966064453125,3029,3029,0.020833333333333332,0.0,0.020833333333333332,,1e-05,,4.3382887840271,5.0381011962890625,0.1931440830230713,-0.05847923085093498
16,0.4555884599685669,0.6011642813682556,0.9492538571357727,0.21530695259571075,0.27975475788116455,0.46161627769470215,0.2034292072057724,40,0.13232210278511047,187,0.004867613315582275,51.91453552246094,879.6593017578125,3021,3021,0.018880208333333332,0.0,0.018880208333333332,,1e-05,,4.221887588500977,5.028531551361084,0.19979940354824066,-0.058199942111968994
17,0.4553663730621338,0.5985798835754395,1.060385823249817,0.2163071632385254,0.28539764881134033,0.4750703275203705,0.20352129638195038,25,0.11383599042892456,254,0.0032369494438171387,52.74227523803711,1158.84033203125,3040,3040,0.020833333333333332,0.0,0.020833333333333332,,1e-05,,4.089025497436523,5.015285015106201,0.1535634994506836,-0.05677448585629463
18,0.4598273038864136,0.5969379544258118,0.9582706689834595,0.21735692024230957,0.28930655121803284,0.5110343098640442,0.20359696447849274,30,0.10148495435714722,224,0.004339993000030518,50.469757080078125,911.326904296875,3161,3161,0.021484375,0.0,0.021484375,,1e-05,,4.106050968170166,5.021450042724609,0.1377459019422531,-0.05815054103732109
19,0.45134875178337097,0.5932132601737976,1.0008656978607178,0.21658049523830414,0.28623878955841064,0.4823773205280304,0.2034597247838974,23,0.1551867425441742,192,0.004297435283660889,50.817474365234375,1030.71875,3174,3174,0.020182291666666668,0.0,0.020182291666666668,,1e-05,,4.051456451416016,5.032668590545654,0.1348343789577484,-0.057554762810468674
20,0.45056286454200745,0.5936686992645264,0.9507842063903809,0.21502050757408142,0.28415778279304504,0.47546252608299255,0.203443244099617,31,0.09274396300315857,196,0.005795180797576904,49.705562591552734,1069.33203125,3091,3091,0.01953125,0.0,0.01953125,,1e-05,,3.9619247913360596,5.041957378387451,0.11191993206739426,-0.06105799600481987
