update,raw_action_abs_p95,raw_action_abs_p99,raw_action_abs_max,policy_mean_abs_p95,policy_mean_abs_p99,policy_mean_abs_max,policy_std_mean,target_limit_violation_steps,target_limit_max_excess_rad,actual_limit_violation_steps,actual_limit_max_excess_rad,joint_torque_abs_max,contact_sensor_force_max_N,contact_sensor_contact_elements,robot_ground_contact_steps_proxy,primary_fall_ratio,timeout_ratio,terminated_ratio,ratio_clip_fraction,adaptive_learning_rate_end,kl_mean,gradient_norm,entropy_loss,value_loss,surrogate_loss,velocity_tracking_error_mean,velocity_tracking_mean,ratio_metrics_status
1,0.430860698223114,0.5660260915756226,1.0062800645828247,0.18896938860416412,0.24588686227798462,0.3639194369316101,0.20000001788139343,22,0.13690495491027832,34,0.0042005181312561035,47.15741729736328,1277.5882568359375,3004,3004,0.0,0.0,0.0,,1e-05,1.1057592630386353,2.579586982727051,5.452996730804443,0.011547346599400043,0.07824209332466125,0.7041105031967163,0.25762999057769775,MISSING_BROADCASTED_DIAGNOSTIC
2,0.44858598709106445,0.5922806859016418,0.9979945421218872,0.21758699417114258,0.2833780348300934,0.441183477640152,0.2006465047597885,43,0.09510698914527893,418,0.004204690456390381,51.393550872802734,1188.62890625,2849,2849,0.026692708333333332,0.0,0.026692708333333332,,1e-05,0.019662663340568542,5.441181182861328,5.407336711883545,3.226433515548706,-0.05542584881186485,1.2093243598937988,0.10946675390005112,MISSING_BROADCASTED_DIAGNOSTIC
3,0.44593268632888794,0.5801784992218018,0.9236871004104614,0.20312030613422394,0.2684181332588196,0.47443923354148865,0.200945183634758,22,0.0778757631778717,72,0.003789544105529785,52.68782424926758,1127.1007080078125,3216,3216,0.013020833333333334,0.0,0.013020833333333334,,1e-05,0.014753004536032677,3.1576366424560547,5.374701023101807,0.6450504660606384,-0.03925048187375069,0.7700709104537964,0.29601043462753296,MISSING_BROADCASTED_DIAGNOSTIC
4,0.44903725385665894,0.5895410776138306,1.011162519454956,0.21129029989242554,0.27636435627937317,0.4142313003540039,0.20116016268730164,30,0.1413082778453827,276,0.004418790340423584,48.809967041015625,1042.6722412109375,2940,2940,0.02734375,0.0,0.02734375,,1e-05,0.016291042789816856,5.053175926208496,5.339314937591553,2.6964259147644043,-0.06145331263542175,1.073813796043396,0.1508420705795288,MISSING_BROADCASTED_DIAGNOSTIC
5,0.44769057631492615,0.5915489792823792,1.0547209978103638,0.20969270169734955,0.27572494745254517,0.47702232003211975,0.20139960944652557,44,0.1166452169418335,166,0.0032262802124023438,44.9929313659668,898.9339599609375,3079,3079,0.014322916666666666,0.0,0.014322916666666666,,1e-05,0.015793194994330406,3.7754180431365967,5.311723232269287,0.9591767191886902,-0.05397670343518257,0.8837624788284302,0.21169935166835785,MISSING_BROADCASTED_DIAGNOSTIC
6,0.4479660093784332,0.5880215764045715,0.9131912589073181,0.2107248306274414,0.2758949398994446,0.47434982657432556,0.20157408714294434,33,0.08772778511047363,259,0.0040947794914245605,46.69041061401367,898.7056884765625,3059,3059,0.025390625,0.0,0.025390625,,1e-05,0.015606065280735493,4.93368673324585,5.283575534820557,1.6460285186767578,-0.05874432250857353,0.995355486869812,0.1962084174156189,MISSING_BROADCASTED_DIAGNOSTIC
7,0.4491250216960907,0.589212954044342,0.9954783916473389,0.21106353402137756,0.27749189734458923,0.4590725898742676,0.20178274810314178,26,0.12021130323410034,153,0.0035514235496520996,47.46927261352539,1028.949462890625,3088,3088,0.014973958333333334,0.0,0.014973958333333334,,1e-05,0.014962105080485344,4.126443862915039,5.250581741333008,0.800412118434906,-0.05438397079706192,0.8581189513206482,0.25453925132751465,MISSING_BROADCASTED_DIAGNOSTIC
8,0.4491424858570099,0.5893380045890808,0.9421326518058777,0.21322767436504364,0.28388211131095886,0.4490741491317749,0.20201535522937775,32,0.08280819654464722,226,0.005014300346374512,55.203269958496094,790.109619140625,3008,3008,0.020833333333333332,0.0,0.020833333333333332,,1e-05,0.016635596752166748,4.694660663604736,5.22713041305542,0.849020779132843,-0.05719737336039543,0.9022332429885864,0.22105012834072113,MISSING_BROADCASTED_DIAGNOSTIC
9,0.45180654525756836,0.5919957756996155,0.9402114748954773,0.21448500454425812,0.2804083824157715,0.45791375637054443,0.20213663578033447,27,0.12934917211532593,190,0.005817115306854248,49.16014862060547,1191.0908203125,3056,3056,0.020833333333333332,0.0,0.020833333333333332,,1e-05,0.015664540231227875,4.5696282386779785,5.201812744140625,0.6011366844177246,-0.058340586721897125,0.9023840427398682,0.1907137632369995,MISSING_BROADCASTED_DIAGNOSTIC
10,0.450771301984787,0.594435453414917,0.9609769582748413,0.21113775670528412,0.277328759431839,0.4684458374977112,0.20234689116477966,35,0.06798836588859558,208,0.004303872585296631,57.3764762878418,934.8612060546875,3021,3021,0.021484375,0.0,0.021484375,,1e-05,0.018674390390515327,4.5017805099487305,5.174624919891357,0.49212342500686646,-0.057460587471723557,0.9718911051750183,0.18306633830070496,MISSING_BROADCASTED_DIAGNOSTIC
11,0.4488588273525238,0.5894991755485535,0.928757905960083,0.21221409738063812,0.27852490544319153,0.4337305724620819,0.2025306522846222,29,0.13277533650398254,190,0.004839658737182617,48.54869079589844,784.090087890625,3025,3025,0.0234375,0.0,0.0234375,,1e-05,0.01587042771279812,4.408458709716797,5.143819332122803,0.450297087430954,-0.059830497950315475,0.9460405111312866,0.20067358016967773,MISSING_BROADCASTED_DIAGNOSTIC
12,0.44986823201179504,0.5934635996818542,0.9679309129714966,0.21498830616474152,0.2841208875179291,0.49705907702445984,0.2027757167816162,25,0.05121311545372009,146,0.004712939262390137,53.843074798583984,1157.6688232421875,3066,3066,0.018229166666666668,0.0,0.018229166666666668,,1e-05,0.018336758017539978,4.2977495193481445,5.115972518920898,0.3132685124874115,-0.05882114917039871,0.9072059392929077,0.2618706226348877,MISSING_BROADCASTED_DIAGNOSTIC
13,0.45229965448379517,0.5891169905662537,0.9803242087364197,0.2140188068151474,0.2811347544193268,0.4856240749359131,0.20291313529014587,28,0.168148010969162,189,0.003652215003967285,48.387916564941406,1164.4302978515625,3012,3012,0.01953125,0.0,0.01953125,,1e-05,0.015857122838497162,4.4886155128479,5.101293087005615,0.3131473958492279,-0.056605465710163116,0.8963913917541504,0.23093979060649872,MISSING_BROADCASTED_DIAGNOSTIC
14,0.4470987915992737,0.5929582118988037,0.9258782863616943,0.21154403686523438,0.2781926393508911,0.4667261838912964,0.20301568508148193,31,0.09853586554527283,172,0.00649791955947876,47.059730529785156,907.8009033203125,3071,3071,0.020833333333333332,0.0,0.020833333333333332,,1e-05,0.021822335198521614,4.188352108001709,5.067748069763184,0.2489403337240219,-0.05957068130373955,0.925217866897583,0.18528708815574646,MISSING_BROADCASTED_DIAGNOSTIC
15,0.45459914207458496,0.6064817905426025,1.0991121530532837,0.2147769182920456,0.2842313349246979,0.46806713938713074,0.2033551037311554,42,0.16769027709960938,197,0.003182828426361084,49.81170654296875,1129.8966064453125,3029,3029,0.020833333333333332,0.0,0.020833333333333332,,1e-05,0.015914851799607277,4.3382887840271,5.0381011962890625,0.1931440830230713,-0.05847923085093498,0.9358462691307068,0.21742010116577148,MISSING_BROADCASTED_DIAGNOSTIC
16,0.4555884599685669,0.6011642813682556,0.9492538571357727,0.21530695259571075,0.27975475788116455,0.46161627769470215,0.2034292072057724,40,0.13232210278511047,187,0.004867613315582275,51.91453552246094,879.6593017578125,3021,3021,0.018880208333333332,0.0,0.018880208333333332,,1e-05,0.01664806716144085,4.221887588500977,5.028531551361084,0.19979940354824066,-0.058199942111968994,0.9495746493339539,0.18836140632629395,MISSING_BROADCASTED_DIAGNOSTIC
17,0.4553663730621338,0.5985798835754395,1.060385823249817,0.2163071632385254,0.28539764881134033,0.4750703275203705,0.20352129638195038,25,0.11383599042892456,254,0.0032369494438171387,52.74227523803711,1158.84033203125,3040,3040,0.020833333333333332,0.0,0.020833333333333332,,1e-05,0.015238908119499683,4.089025497436523,5.015285015106201,0.1535634994506836,-0.05677448585629463,0.9585721492767334,0.15787671506404877,MISSING_BROADCASTED_DIAGNOSTIC
18,0.4598273038864136,0.5969379544258118,0.9582706689834595,0.21735692024230957,0.28930655121803284,0.5110343098640442,0.20359696447849274,30,0.10148495435714722,224,0.004339993000030518,50.469757080078125,911.326904296875,3161,3161,0.021484375,0.0,0.021484375,,1e-05,0.017508365213871002,4.106050968170166,5.021450042724609,0.1377459019422531,-0.05815054103732109,0.9605716466903687,0.18642675876617432,MISSING_BROADCASTED_DIAGNOSTIC
19,0.45134875178337097,0.5932132601737976,1.0008656978607178,0.21658049523830414,0.28623878955841064,0.4823773205280304,0.2034597247838974,23,0.1551867425441742,192,0.004297435283660889,50.817474365234375,1030.71875,3174,3174,0.020182291666666668,0.0,0.020182291666666668,,1e-05,0.01664981059730053,4.051456451416016,5.032668590545654,0.1348343789577484,-0.057554762810468674,0.9397710561752319,0.2021411955356598,MISSING_BROADCASTED_DIAGNOSTIC
20,0.45056286454200745,0.5936686992645264,0.9507842063903809,0.21502050757408142,0.28415778279304504,0.47546252608299255,0.203443244099617,31,0.09274396300315857,196,0.005795180797576904,49.705562591552734,1069.33203125,3091,3091,0.01953125,0.0,0.01953125,,1e-05,0.021647069603204727,3.9619247913360596,5.041957378387451,0.11191993206739426,-0.06105799600481987,1.0167269706726074,0.16359874606132507,MISSING_BROADCASTED_DIAGNOSTIC
21,0.4547000825405121,0.6000424027442932,1.0091462135314941,0.21841499209403992,0.28455784916877747,0.47508466243743896,0.20333708822727203,34,0.09194111824035645,188,0.004725277423858643,47.8243293762207,753.9978637695312,3054,3054,0.020833333333333332,0.0,0.020833333333333332,,1e-05,0.017435837537050247,4.121405601501465,5.0464677810668945,0.11656805127859116,-0.05891982838511467,0.9876712560653687,0.20629267394542694,MISSING_BROADCASTED_DIAGNOSTIC
22,0.4546493589878082,0.6028174757957458,0.9538270831108093,0.2219819873571396,0.2901410460472107,0.49566376209259033,0.20334510505199432,31,0.12033379077911377,136,0.0047498345375061035,47.472084045410156,1065.072998046875,3044,3044,0.020182291666666668,0.0,0.020182291666666668,,1e-05,0.016962744295597076,4.001676559448242,5.0572638511657715,0.09998539090156555,-0.06043904647231102,0.9946929812431335,0.1659734547138214,MISSING_BROADCASTED_DIAGNOSTIC
23,0.45162439346313477,0.5991917252540588,1.0102885961532593,0.22121000289916992,0.2889898419380188,0.4587162733078003,0.20322246849536896,40,0.12174451351165771,215,0.00574415922164917,44.256080627441406,1129.1705322265625,3074,3074,0.022135416666666668,0.0,0.022135416666666668,,1e-05,0.01704302802681923,3.9229156970977783,5.065072059631348,0.08088956028223038,-0.06125537306070328,1.0675413608551025,0.15643230080604553,MISSING_BROADCASTED_DIAGNOSTIC
24,0.4587322771549225,0.6003823280334473,0.9602999687194824,0.22190922498703003,0.28781917691230774,0.47702741622924805,0.20320716500282288,33,0.10544374585151672,149,0.0028647780418395996,47.73860168457031,896.29296875,3117,3117,0.016927083333333332,0.0,0.016927083333333332,,1e-05,0.018402179703116417,3.9098117351531982,5.067023754119873,0.07717978209257126,-0.05910537764430046,0.9772968292236328,0.1716884821653366,MISSING_BROADCASTED_DIAGNOSTIC
25,0.45473799109458923,0.5969884395599365,1.0171349048614502,0.22194363176822662,0.2907530665397644,0.5121535062789917,0.2032039314508438,33,0.08615726232528687,175,0.005846619606018066,47.69434356689453,1133.1435546875,3023,3023,0.024739583333333332,0.0,0.024739583333333332,,1e-05,0.018029753118753433,3.845872640609741,5.067681312561035,0.07936204969882965,-0.06050115451216698,0.9923790693283081,0.18317753076553345,MISSING_BROADCASTED_DIAGNOSTIC
26,0.4576696455478668,0.6001012325286865,0.9259289503097534,0.22051627933979034,0.2937588095664978,0.4988345801830292,0.20319081842899323,31,0.10028928518295288,129,0.0033829212188720703,47.872257232666016,1156.9141845703125,3113,3113,0.018229166666666668,0.0,0.018229166666666668,,1e-05,0.016524633392691612,3.946279525756836,5.066719055175781,0.08171463757753372,-0.058914102613925934,0.9423757791519165,0.19439354538917542,MISSING_BROADCASTED_DIAGNOSTIC
27,0.45681214332580566,0.6011010408401489,1.211435317993164,0.22313271462917328,0.2959176003932953,0.47863686084747314,0.20322269201278687,26,0.07045605778694153,185,0.0030260086059570312,54.5052375793457,891.4227905273438,3022,3022,0.020833333333333332,0.0,0.020833333333333332,,1e-05,0.017782878130674362,3.946432113647461,5.062116622924805,0.07203212380409241,-0.06009065732359886,0.9483245611190796,0.20472705364227295,MISSING_BROADCASTED_DIAGNOSTIC
28,0.45161768794059753,0.5999456644058228,0.9907407760620117,0.21987111866474152,0.28471919894218445,0.46207836270332336,0.20325636863708496,28,0.09486183524131775,163,0.004704952239990234,50.980098724365234,1056.7227783203125,3020,3020,0.020833333333333332,0.0,0.020833333333333332,,1e-05,0.01634841039776802,3.9661121368408203,5.054171562194824,0.07303129881620407,-0.05746349319815636,0.9545881748199463,0.1984737366437912,MISSING_BROADCASTED_DIAGNOSTIC
29,0.45870548486709595,0.6067399382591248,1.0679986476898193,0.22355523705482483,0.29087117314338684,0.5555571913719177,0.20332568883895874,31,0.06330370903015137,162,0.005046665668487549,52.47306823730469,924.5936889648438,3115,3115,0.020182291666666668,0.0,0.020182291666666668,,1e-05,0.01664910279214382,3.890772581100464,5.053337097167969,0.0679870992898941,-0.05898895487189293,0.9926033020019531,0.18560191988945007,MISSING_BROADCASTED_DIAGNOSTIC
30,0.4571009874343872,0.599223256111145,1.0874011516571045,0.2204820066690445,0.2895614504814148,0.48998013138771057,0.20328420400619507,25,0.07258117198944092,203,0.00520700216293335,46.180084228515625,909.5327758789062,3019,3019,0.018880208333333332,0.0,0.018880208333333332,,1e-05,0.01621946319937706,3.9437789916992188,5.0584025382995605,0.07108103483915329,-0.05976007133722305,0.9973769187927246,0.16932031512260437,MISSING_BROADCASTED_DIAGNOSTIC
31,0.45870068669319153,0.6064261794090271,1.0040662288665771,0.2249646633863449,0.29523029923439026,0.5708441734313965,0.2032528966665268,46,0.12631911039352417,141,0.004094719886779785,56.96731948852539,988.72412109375,3102,3102,0.026692708333333332,0.0,0.026692708333333332,,1e-05,0.01783134415745735,3.8118484020233154,5.062426567077637,0.06761379539966583,-0.061352528631687164,0.9946736097335815,0.1836518496274948,MISSING_BROADCASTED_DIAGNOSTIC
32,0.45715317130088806,0.6087300777435303,0.9593814611434937,0.22663642466068268,0.29745450615882874,0.5453864932060242,0.20324786007404327,39,0.13410601019859314,127,0.005089402198791504,48.322975158691406,695.2886352539062,3199,3199,0.014322916666666666,0.0,0.014322916666666666,,1e-05,0.016431603580713272,4.094264984130859,5.059607982635498,0.08269093930721283,-0.05472970008850098,0.9155210852622986,0.19668476283550262,MISSING_BROADCASTED_DIAGNOSTIC
33,0.4581202566623688,0.6014296412467957,1.0739401578903198,0.22386842966079712,0.29491376876831055,0.46772441267967224,0.20327109098434448,38,0.11438268423080444,124,0.005025684833526611,50.77468490600586,922.4046020507812,3089,3089,0.024088541666666668,0.0,0.024088541666666668,,1e-05,0.016467833891510963,4.072933673858643,5.0461835861206055,0.06316908448934555,-0.05947805196046829,0.9094907641410828,0.24563178420066833,MISSING_BROADCASTED_DIAGNOSTIC
34,0.4602402150630951,0.6049368977546692,1.029350757598877,0.2256786972284317,0.29719263315200806,0.4971618950366974,0.20344017446041107,22,0.09004652500152588,184,0.005135536193847656,50.288429260253906,1140.72998046875,3119,3119,0.014322916666666666,0.0,0.014322916666666666,,1e-05,0.018695799633860588,3.9730801582336426,5.030482769012451,0.061854805797338486,-0.05972091481089592,0.9886330366134644,0.14764904975891113,MISSING_BROADCASTED_DIAGNOSTIC
35,0.4601728022098541,0.6013514995574951,1.0069578886032104,0.2235678881406784,0.29623234272003174,0.4839414358139038,0.20349134504795074,35,0.13109523057937622,166,0.00643080472946167,48.69803237915039,1071.517333984375,3061,3061,0.025390625,0.0,0.025390625,,1e-05,0.017303841188549995,4.051351070404053,5.033347129821777,0.06279247999191284,-0.056641966104507446,0.9856047630310059,0.21962718665599823,MISSING_BROADCASTED_DIAGNOSTIC
36,0.458260178565979,0.6061821579933167,1.0176348686218262,0.227322518825531,0.29941776394844055,0.5175488591194153,0.20341356098651886,33,0.15009504556655884,191,0.003718078136444092,55.211238861083984,886.4054565429688,3076,3076,0.014322916666666666,0.0,0.014322916666666666,,1e-05,0.016437599435448647,4.006534576416016,5.04358434677124,0.05482235178351402,-0.05857202410697937,0.9522521495819092,0.1992768496274948,MISSING_BROADCASTED_DIAGNOSTIC
37,0.4607512652873993,0.6032251119613647,1.1143189668655396,0.22442030906677246,0.2977346181869507,0.4620143175125122,0.20335647463798523,47,0.14322888851165771,147,0.005125164985656738,56.85895538330078,1013.555908203125,3130,3130,0.026692708333333332,0.0,0.026692708333333332,,1e-05,0.015821654349565506,4.029238224029541,5.050610065460205,0.053605493158102036,-0.06127864122390747,0.903079628944397,0.2384018898010254,MISSING_BROADCASTED_DIAGNOSTIC
38,0.4554584324359894,0.6013799905776978,0.99189293384552,0.22440551221370697,0.29765692353248596,0.4910309910774231,0.20332090556621552,33,0.09774014353752136,200,0.004447221755981445,49.945011138916016,931.115234375,3135,3135,0.022135416666666668,0.0,0.022135416666666668,,1e-05,0.018176427111029625,3.8915531635284424,5.053701877593994,0.06211625412106514,-0.06029648706316948,0.9802325963973999,0.17007064819335938,MISSING_BROADCASTED_DIAGNOSTIC
39,0.45687136054039,0.6053972840309143,1.152700424194336,0.2228686362504959,0.2961631715297699,0.4993095397949219,0.20330946147441864,32,0.18385478854179382,83,0.004567980766296387,49.28605651855469,1198.11669921875,3062,3062,0.018880208333333332,0.0,0.018880208333333332,,1e-05,0.018836580216884613,3.9245240688323975,5.042984962463379,0.0565539188683033,-0.059460658580064774,0.9200624227523804,0.17774157226085663,MISSING_BROADCASTED_DIAGNOSTIC
40,0.45665600895881653,0.6035115718841553,1.0285255908966064,0.22488082945346832,0.29688289761543274,0.4757061004638672,0.20346564054489136,36,0.16258764266967773,154,0.003982722759246826,47.881614685058594,754.26513671875,3033,3033,0.020182291666666668,0.0,0.020182291666666668,,1e-05,0.016670797020196915,3.9355828762054443,5.019193172454834,0.06190090253949165,-0.060003846883773804,0.9536155462265015,0.2032630443572998,MISSING_BROADCASTED_DIAGNOSTIC
41,0.45845696330070496,0.6022093296051025,1.0041515827178955,0.22425144910812378,0.29684898257255554,0.47810497879981995,0.20363441109657288,36,0.10429421067237854,164,0.0038300156593322754,53.876983642578125,918.9592895507812,3096,3096,0.0234375,0.0,0.0234375,,1e-05,0.016219614073634148,4.007294178009033,5.0075812339782715,0.06448802351951599,-0.059655915945768356,0.9062638282775879,0.2221757173538208,MISSING_BROADCASTED_DIAGNOSTIC
42,0.4607119858264923,0.6066391468048096,1.00742506980896,0.22487978637218475,0.29815176129341125,0.5451126098632812,0.20364858210086823,32,0.10122206807136536,148,0.005910098552703857,44.8758430480957,742.88330078125,3097,3097,0.016276041666666668,0.0,0.016276041666666668,,1e-05,0.017020119354128838,3.9627628326416016,5.007951259613037,0.05255831032991409,-0.05990935489535332,0.8883843421936035,0.2269333004951477,MISSING_BROADCASTED_DIAGNOSTIC
43,0.4630092680454254,0.6084123849868774,1.0025780200958252,0.22637899219989777,0.2985152304172516,0.4980334937572479,0.20364134013652802,53,0.17441284656524658,161,0.00490957498550415,51.02656555175781,1193.073974609375,3062,3062,0.021484375,0.0,0.021484375,,1e-05,0.017882483080029488,4.042195796966553,5.006910800933838,0.0678705945611,-0.05704629421234131,0.9361485242843628,0.23298394680023193,MISSING_BROADCASTED_DIAGNOSTIC
44,0.4653647243976593,0.6062004566192627,0.9720653891563416,0.22942908108234406,0.3017643988132477,0.5014172196388245,0.20367980003356934,33,0.12141185998916626,160,0.005629003047943115,51.051353454589844,1253.9134521484375,3109,3109,0.021484375,0.0,0.021484375,,1e-05,0.015995308756828308,4.012535095214844,5.002362251281738,0.04806027561426163,-0.05783196911215782,0.936794638633728,0.1826130598783493,MISSING_BROADCASTED_DIAGNOSTIC
45,0.4597979485988617,0.6068068742752075,0.971106767654419,0.22976109385490417,0.30217745900154114,0.5054143071174622,0.203679621219635,42,0.15019679069519043,169,0.004415750503540039,48.20852279663086,1033.9127197265625,3146,3146,0.020182291666666668,0.0,0.020182291666666668,,1e-05,0.015914825722575188,3.9838948249816895,4.998648643493652,0.05366534739732742,-0.05766906216740608,0.9959836006164551,0.1496480107307434,MISSING_BROADCASTED_DIAGNOSTIC
46,0.45567557215690613,0.6021629571914673,1.0620712041854858,0.2290455549955368,0.30112308263778687,0.6310622096061707,0.20375674962997437,32,0.10038542747497559,148,0.0038834214210510254,53.386226654052734,1127.135986328125,3171,3171,0.020833333333333332,0.0,0.020833333333333332,,1e-05,0.015628881752490997,3.9167675971984863,4.984500885009766,0.05580560117959976,-0.059082258492708206,0.9895586967468262,0.18405744433403015,MISSING_BROADCASTED_DIAGNOSTIC
47,0.45843684673309326,0.6063962578773499,1.0317459106445312,0.2309892326593399,0.3061005473136902,0.5142555236816406,0.20385272800922394,29,0.12991419434547424,167,0.0059285759925842285,47.598270416259766,1351.1053466796875,3116,3116,0.018880208333333332,0.0,0.018880208333333332,,1e-05,0.016821417957544327,3.919179677963257,4.9736857414245605,0.05853176862001419,-0.058966320008039474,0.9581877589225769,0.1965995728969574,MISSING_BROADCASTED_DIAGNOSTIC
48,0.46297362446784973,0.6075045466423035,1.0616962909698486,0.23203910887241364,0.30626848340034485,0.49431902170181274,0.20393191277980804,32,0.08689340949058533,99,0.006174743175506592,46.585540771484375,1192.016357421875,3083,3083,0.022135416666666668,0.0,0.022135416666666668,,1e-05,0.01719527691602707,3.9318573474884033,4.957780361175537,0.06148120388388634,-0.05617380142211914,0.9501041173934937,0.19101625680923462,MISSING_BROADCASTED_DIAGNOSTIC
49,0.4621410667896271,0.6048053503036499,1.0226826667785645,0.22954846918582916,0.3025055229663849,0.5097828507423401,0.20406056940555573,28,0.0849103331565857,157,0.004038751125335693,51.84003448486328,1224.0230712890625,3065,3065,0.020182291666666668,0.0,0.020182291666666668,,1e-05,0.017674561589956284,3.91028094291687,4.952002048492432,0.06357096880674362,-0.057596560567617416,0.9271197319030762,0.2275063693523407,MISSING_BROADCASTED_DIAGNOSTIC
50,0.4602489471435547,0.6111417412757874,0.9872570633888245,0.23160430788993835,0.31033357977867126,0.5119317770004272,0.2040313184261322,26,0.13831931352615356,129,0.004453897476196289,46.5790901184082,780.45166015625,3105,3105,0.020182291666666668,0.0,0.020182291666666668,,1e-05,0.018178682774305344,3.813129186630249,4.959242820739746,0.05014960095286369,-0.05958814546465874,0.9546806216239929,0.18883833289146423,MISSING_BROADCASTED_DIAGNOSTIC
51,0.45813360810279846,0.6045668125152588,1.2244263887405396,0.23015116155147552,0.3063306212425232,0.471958726644516,0.20398014783859253,35,0.1095876395702362,166,0.004174351692199707,56.665016174316406,1180.7332763671875,3099,3099,0.018880208333333332,0.0,0.018880208333333332,,1e-05,0.017688758671283722,3.919485092163086,4.965333461761475,0.05005726218223572,-0.058771200478076935,0.9982409477233887,0.1523945927619934,MISSING_BROADCASTED_DIAGNOSTIC
52,0.4635297656059265,0.6033672094345093,1.110108733177185,0.23624813556671143,0.3121330142021179,0.5204575657844543,0.20394204556941986,34,0.12701764702796936,145,0.002408623695373535,46.774383544921875,1135.2841796875,3232,3232,0.022135416666666668,0.0,0.022135416666666668,,1e-05,0.017220593988895416,3.967203140258789,4.960731029510498,0.06193831190466881,-0.05693122372031212,0.9149866104125977,0.19526557624340057,MISSING_BROADCASTED_DIAGNOSTIC
53,0.463627427816391,0.6106375455856323,1.046670913696289,0.2341185063123703,0.30840814113616943,0.5271419882774353,0.20405066013336182,37,0.12765198945999146,104,0.003929316997528076,52.3299446105957,888.4078369140625,3127,3127,0.01953125,0.0,0.01953125,,1e-05,0.01832224614918232,3.9151008129119873,4.952824592590332,0.055466730147600174,-0.062439706176519394,0.9246920943260193,0.196875661611557,MISSING_BROADCASTED_DIAGNOSTIC
54,0.4649188816547394,0.6094465851783752,1.0394948720932007,0.23053240776062012,0.30587777495384216,0.5267559289932251,0.20403996109962463,31,0.19409891963005066,183,0.0028684139251708984,47.37812423706055,758.1130981445312,3112,3112,0.022135416666666668,0.0,0.022135416666666668,,1e-05,0.01608441397547722,3.9496731758117676,4.961559772491455,0.05289579555392265,-0.05882219225168228,0.9537520408630371,0.2009144425392151,MISSING_BROADCASTED_DIAGNOSTIC
55,0.4590907692909241,0.6039785146713257,1.058896541595459,0.23226237297058105,0.30638208985328674,0.4954672157764435,0.20394493639469147,34,0.1932436227798462,126,0.0047844648361206055,50.30857849121094,996.7891235351562,3220,3220,0.020182291666666668,0.0,0.020182291666666668,,1e-05,0.015858376398682594,4.028090476989746,4.965014457702637,0.05518757179379463,-0.055683840066194534,0.9312931299209595,0.21856550872325897,MISSING_BROADCASTED_DIAGNOSTIC
56,0.46678829193115234,0.6193273663520813,1.0686407089233398,0.23370468616485596,0.309349924325943,0.5462675094604492,0.20397572219371796,43,0.16246569156646729,153,0.0042688846588134766,51.195682525634766,972.5054931640625,3267,3267,0.020182291666666668,0.0,0.020182291666666668,,1e-05,0.018274514004588127,3.9820897579193115,4.9720377922058105,0.0562480166554451,-0.05794188007712364,0.9454945921897888,0.20011398196220398,MISSING_BROADCASTED_DIAGNOSTIC
57,0.45786115527153015,0.603165864944458,0.9901920557022095,0.22828169167041779,0.3024107813835144,0.50457763671875,0.20386536419391632,38,0.14968803524971008,195,0.004956722259521484,46.344966888427734,869.61669921875,3167,3167,0.018880208333333332,0.0,0.018880208333333332,,1e-05,0.016499245539307594,3.864187002182007,4.973551273345947,0.04767640307545662,-0.05890773609280586,0.899206817150116,0.22949616611003876,MISSING_BROADCASTED_DIAGNOSTIC
58,0.4610798954963684,0.6082951426506042,0.97939133644104,0.22972838580608368,0.30425533652305603,0.5785222053527832,0.20393940806388855,46,0.14224672317504883,197,0.004445254802703857,46.37044906616211,1114.6064453125,3125,3125,0.01953125,0.0,0.01953125,,1e-05,0.018124636262655258,3.9055023193359375,4.964674472808838,0.04410015791654587,-0.05919554457068443,0.8990930318832397,0.22848734259605408,MISSING_BROADCASTED_DIAGNOSTIC
59,0.46506643295288086,0.6147698163986206,1.1286959648132324,0.2319033294916153,0.30992481112480164,0.5439974665641785,0.2039753645658493,61,0.13602295517921448,220,0.004346787929534912,52.54867172241211,1195.643798828125,3147,3147,0.020833333333333332,0.0,0.020833333333333332,,1e-05,0.016381965950131416,3.9177513122558594,4.955956935882568,0.050313472747802734,-0.060622673481702805,0.9394335746765137,0.19176927208900452,MISSING_BROADCASTED_DIAGNOSTIC
60,0.4599122107028961,0.6049131751060486,0.9680526256561279,0.23090144991874695,0.30930131673812866,0.5347145795822144,0.20407792925834656,44,0.07277217507362366,159,0.0059528350830078125,44.90437698364258,1127.3662109375,3147,3147,0.020182291666666668,0.0,0.020182291666666668,,1e-05,0.017241274937987328,4.013948917388916,4.941474437713623,0.049083687365055084,-0.057084839791059494,0.9077862501144409,0.2310822457075119,MISSING_BROADCASTED_DIAGNOSTIC
61,0.460796982049942,0.6034468412399292,0.9923960566520691,0.23372876644134521,0.3123677968978882,0.514594554901123,0.20415905117988586,25,0.116657555103302,167,0.003960013389587402,50.12749481201172,1189.75244140625,3122,3122,0.020182291666666668,0.0,0.020182291666666668,,1e-05,0.015531240962445736,3.9780728816986084,4.940400123596191,0.04701953008770943,-0.05767590552568436,0.9379335641860962,0.201116144657135,MISSING_BROADCASTED_DIAGNOSTIC
62,0.46801984310150146,0.6108015775680542,1.1298606395721436,0.23649561405181885,0.31372547149658203,0.5494166612625122,0.2041076123714447,41,0.2264101207256317,147,0.0048577189445495605,48.899417877197266,1112.158447265625,3106,3106,0.020833333333333332,0.0,0.020833333333333332,,1e-05,0.01853901706635952,3.920255422592163,4.945739269256592,0.052579354494810104,-0.05666893720626831,0.9928034543991089,0.17324332892894745,MISSING_BROADCASTED_DIAGNOSTIC
63,0.4704400599002838,0.6200817227363586,1.006809115409851,0.23851487040519714,0.32192856073379517,0.5774361491203308,0.2041039764881134,45,0.11046174168586731,89,0.004602789878845215,50.800750732421875,955.751708984375,3052,3052,0.01953125,0.0,0.01953125,,1e-05,0.017804790288209915,3.9510438442230225,4.943539142608643,0.04736553132534027,-0.06185099110007286,0.9188053011894226,0.2355465143918991,MISSING_BROADCASTED_DIAGNOSTIC
64,0.4675636291503906,0.6164215207099915,1.0306105613708496,0.2415643185377121,0.32019731402397156,0.5302966833114624,0.20411550998687744,44,0.10374093055725098,200,0.004825234413146973,47.83452606201172,1079.954345703125,3154,3154,0.021484375,0.0,0.021484375,,1e-05,0.0171283520758152,3.981710910797119,4.9445672035217285,0.05262741446495056,-0.06151912361383438,0.9078440070152283,0.22658449411392212,MISSING_BROADCASTED_DIAGNOSTIC
65,0.46400928497314453,0.6085363626480103,0.9443070888519287,0.23786188662052155,0.31498074531555176,0.5526072978973389,0.2041095793247223,37,0.15235170722007751,102,0.004433333873748779,44.749412536621094,842.3952026367188,3186,3186,0.01953125,0.0,0.01953125,,1e-05,0.017164994031190872,3.831035614013672,4.94391393661499,0.041485294699668884,-0.05847996473312378,0.8562263250350952,0.23810231685638428,MISSING_BROADCASTED_DIAGNOSTIC
66,0.4673650860786438,0.6162348985671997,1.1225948333740234,0.2422909289598465,0.3223438858985901,0.554633617401123,0.20412404835224152,60,0.1178939938545227,186,0.005771517753601074,49.944732666015625,1130.1259765625,3144,3144,0.018880208333333332,0.0,0.018880208333333332,,1e-05,0.017081549391150475,3.9279885292053223,4.945529460906982,0.04075973108410835,-0.05731458216905594,1.0061278343200684,0.15459603071212769,MISSING_BROADCASTED_DIAGNOSTIC
67,0.4686953127384186,0.6156488060951233,1.0142112970352173,0.24227750301361084,0.3216397762298584,0.5611842274665833,0.2040986269712448,44,0.12192606925964355,121,0.003683745861053467,54.44843292236328,1155.30859375,3138,3138,0.020833333333333332,0.0,0.020833333333333332,,1e-05,0.017275560647249222,3.922687530517578,4.954145908355713,0.044027961790561676,-0.05739463493227959,0.9161733388900757,0.18947777152061462,MISSING_BROADCASTED_DIAGNOSTIC
68,0.46948742866516113,0.6184994578361511,1.046396255493164,0.24494968354701996,0.32503417134284973,0.5287183523178101,0.20402251183986664,31,0.11353310942649841,155,0.00504612922668457,53.05584716796875,1029.115234375,3217,3217,0.020833333333333332,0.0,0.020833333333333332,,1e-05,0.017374873161315918,3.9655377864837646,4.951160907745361,0.04880042374134064,-0.0573657862842083,1.0005239248275757,0.1832028329372406,MISSING_BROADCASTED_DIAGNOSTIC
69,0.46582677960395813,0.6141701340675354,1.1017818450927734,0.24001023173332214,0.32192444801330566,0.5778090357780457,0.20412467420101166,36,0.15647131204605103,136,0.005418539047241211,57.52386474609375,1330.906005859375,3125,3125,0.017578125,0.0,0.017578125,,1e-05,0.023087745532393456,3.7862071990966797,4.943089485168457,0.0382995679974556,-0.06186318024992943,0.8824524283409119,0.2212846875190735,MISSING_BROADCASTED_DIAGNOSTIC
70,0.4671288728713989,0.6118622422218323,0.9746209383010864,0.2468813806772232,0.33141428232192993,0.526992678642273,0.20412677526474,34,0.11827164888381958,180,0.0045362114906311035,47.087738037109375,1121.2022705078125,3064,3064,0.020833333333333332,0.0,0.020833333333333332,,1e-05,0.01773207075893879,3.97883677482605,4.939338684082031,0.044703107327222824,-0.05939215049147606,0.9973954558372498,0.1564786285161972,MISSING_BROADCASTED_DIAGNOSTIC
71,0.4652077853679657,0.6069276332855225,0.933116614818573,0.24029198288917542,0.3179197609424591,0.6923866868019104,0.2041926383972168,38,0.11926868557929993,143,0.0033217668533325195,46.46001434326172,1165.466064453125,3069,3069,0.020182291666666668,0.0,0.020182291666666668,,1e-05,0.01743898168206215,3.8468644618988037,4.923810958862305,0.04783404618501663,-0.05959048494696617,0.9127273559570312,0.22032414376735687,MISSING_BROADCASTED_DIAGNOSTIC
72,0.46872666478157043,0.6175798177719116,1.0915158987045288,0.24395936727523804,0.3240101635456085,0.5741467475891113,0.20434071123600006,46,0.15903183817863464,243,0.004311800003051758,51.63506317138672,1128.8489990234375,3125,3125,0.01953125,0.0,0.01953125,,1e-05,0.016812173649668694,4.1367268562316895,4.9074883460998535,0.048984743654727936,-0.056795328855514526,1.0194342136383057,0.13928191363811493,MISSING_BROADCASTED_DIAGNOSTIC
73,0.47138717770576477,0.6185818910598755,1.058058738708496,0.24470463395118713,0.3217982053756714,0.5283833146095276,0.2044220119714737,52,0.17377007007598877,152,0.004292666912078857,47.59670639038086,942.4002685546875,3093,3093,0.022135416666666668,0.0,0.022135416666666668,,1e-05,0.01770656555891037,3.984529972076416,4.891075134277344,0.04406733438372612,-0.058121271431446075,1.0224699974060059,0.16531036794185638,MISSING_BROADCASTED_DIAGNOSTIC
74,0.470514714717865,0.619195818901062,1.0694031715393066,0.2460726648569107,0.330346941947937,0.5297172665596008,0.20458178222179413,50,0.18721377849578857,188,0.0039106011390686035,44.696556091308594,1095.3128662109375,3167,3167,0.022135416666666668,0.0,0.022135416666666668,,1e-05,0.01803271472454071,3.9495275020599365,4.866108417510986,0.04414970800280571,-0.0604061596095562,0.9713494181632996,0.2097463458776474,MISSING_BROADCASTED_DIAGNOSTIC
75,0.46967846155166626,0.6216477751731873,0.9965184926986694,0.24663299322128296,0.32784825563430786,0.5886238217353821,0.20475256443023682,49,0.15579703450202942,161,0.003352820873260498,49.80961608886719,1024.779052734375,3122,3122,0.017578125,0.0,0.017578125,,1e-05,0.01626092754304409,4.067173957824707,4.857131004333496,0.037235356867313385,-0.05709836632013321,0.9802078008651733,0.1780497282743454,MISSING_BROADCASTED_DIAGNOSTIC
76,0.4670901298522949,0.6116414666175842,0.9570382833480835,0.24079689383506775,0.326694130897522,0.6332025527954102,0.20475085079669952,34,0.15033486485481262,117,0.002990424633026123,49.76061248779297,944.1199951171875,3198,3198,0.022786458333333332,0.0,0.022786458333333332,,1e-05,0.016184354200959206,3.829641103744507,4.840959072113037,0.04443826898932457,-0.058246273547410965,0.9598178863525391,0.22091607749462128,MISSING_BROADCASTED_DIAGNOSTIC
77,0.4728495180606842,0.6212875247001648,1.1035830974578857,0.24440646171569824,0.32348135113716125,0.5243765711784363,0.20495793223381042,47,0.12819024920463562,160,0.005520820617675781,47.731258392333984,1051.5028076171875,3118,3118,0.018880208333333332,0.0,0.018880208333333332,,1e-05,0.014974207617342472,4.142611026763916,4.813381671905518,0.035912226885557175,-0.05290147289633751,1.006349802017212,0.18821874260902405,MISSING_BROADCASTED_DIAGNOSTIC
78,0.47335633635520935,0.6198284029960632,1.1054675579071045,0.2463637739419937,0.3285425007343292,0.579613447189331,0.20514051616191864,42,0.08622810244560242,137,0.003630697727203369,51.4233283996582,868.2500610351562,3116,3116,0.021484375,0.0,0.021484375,,1e-05,0.016307152807712555,3.9842705726623535,4.787249565124512,0.04470778629183769,-0.056811071932315826,0.9825496673583984,0.16723041236400604,MISSING_BROADCASTED_DIAGNOSTIC
79,0.4742603600025177,0.623284637928009,1.0754332542419434,0.24813583493232727,0.33248382806777954,0.5531622767448425,0.20532414317131042,35,0.13500484824180603,141,0.005077779293060303,47.816646575927734,868.181396484375,3166,3166,0.022786458333333332,0.0,0.022786458333333332,,1e-05,0.016360096633434296,4.00567102432251,4.775967121124268,0.036233797669410706,-0.05753063037991524,0.9988862872123718,0.20097056031227112,MISSING_BROADCASTED_DIAGNOSTIC
80,0.47521278262138367,0.6183322668075562,0.9210891723632812,0.2528797388076782,0.33736875653266907,0.5823026299476624,0.2053060382604599,51,0.12380719184875488,184,0.004129648208618164,48.43341827392578,1253.706298828125,3170,3170,0.020833333333333332,0.0,0.020833333333333332,,1e-05,0.018985677510499954,3.9998652935028076,4.793025970458984,0.04144171252846718,-0.05812261626124382,0.967587947845459,0.19997338950634003,MISSING_BROADCASTED_DIAGNOSTIC
81,0.473796010017395,0.6273217797279358,1.0658771991729736,0.25206929445266724,0.3392049968242645,0.5895602107048035,0.2051181197166443,43,0.1596345603466034,124,0.004250049591064453,52.66075134277344,1016.4534912109375,3202,3202,0.017578125,0.0,0.017578125,,1e-05,0.01648862473666668,3.9171998500823975,4.803755283355713,0.03577311709523201,-0.05935800075531006,0.9104720950126648,0.232521653175354,MISSING_BROADCASTED_DIAGNOSTIC
82,0.4740958511829376,0.6214849948883057,1.192428469657898,0.2557642459869385,0.3451874256134033,0.6421050429344177,0.20513486862182617,47,0.2611721456050873,169,0.003717184066772461,49.3141975402832,1214.06396484375,3137,3137,0.0234375,0.0,0.0234375,,1e-05,0.01810082606971264,4.126943111419678,4.794866561889648,0.03053233027458191,-0.05772048234939575,0.9291368722915649,0.21808485686779022,MISSING_BROADCASTED_DIAGNOSTIC
83,0.4798524081707001,0.6280363202095032,1.1323599815368652,0.2583741843700409,0.3442913889884949,0.5814903974533081,0.20522642135620117,47,0.11764410138130188,152,0.004357397556304932,49.059024810791016,1184.1650390625,3147,3147,0.021484375,0.0,0.021484375,,1e-05,0.018454615026712418,3.893787384033203,4.773036479949951,0.04620711877942085,-0.057352449744939804,0.9284447431564331,0.19772398471832275,MISSING_BROADCASTED_DIAGNOSTIC
84,0.4733744263648987,0.6288268566131592,1.0902560949325562,0.2530902624130249,0.3405505418777466,0.5631700158119202,0.20543968677520752,36,0.09548738598823547,104,0.005796611309051514,55.847930908203125,1219.7939453125,3177,3177,0.017578125,0.0,0.017578125,,1e-05,0.01881365478038788,3.856349229812622,4.750638961791992,0.03587660193443298,-0.05685874819755554,0.9688600897789001,0.15375648438930511,MISSING_BROADCASTED_DIAGNOSTIC
85,0.47834116220474243,0.6327956914901733,1.0915906429290771,0.25661441683769226,0.34062379598617554,0.6047772169113159,0.20554155111312866,47,0.1392039656639099,154,0.0049242377281188965,50.27609634399414,996.2559814453125,3146,3146,0.022786458333333332,0.0,0.022786458333333332,,1e-05,0.016413336619734764,3.9985554218292236,4.740729808807373,0.03790761157870293,-0.056675732135772705,1.0425665378570557,0.1342940330505371,MISSING_BROADCASTED_DIAGNOSTIC
86,0.4768899083137512,0.6285994052886963,1.0943137407302856,0.2532023787498474,0.33651670813560486,0.5481516122817993,0.20560196042060852,48,0.14823085069656372,126,0.004603266716003418,50.847469329833984,741.086181640625,3175,3175,0.018880208333333332,0.0,0.018880208333333332,,1e-05,0.016317881643772125,3.958132266998291,4.730557441711426,0.04080076143145561,-0.056537240743637085,0.9374186992645264,0.21473360061645508,MISSING_BROADCASTED_DIAGNOSTIC
87,0.4796639084815979,0.6358944177627563,1.0921709537506104,0.2583054006099701,0.3448280394077301,0.6678289175033569,0.20568439364433289,39,0.18211886286735535,182,0.00403982400894165,55.05039596557617,1329.87939453125,3126,3126,0.01953125,0.0,0.01953125,,1e-05,0.01866530440747738,3.8758609294891357,4.715867519378662,0.046814270317554474,-0.05836931988596916,0.9637505412101746,0.21166810393333435,MISSING_BROADCASTED_DIAGNOSTIC
88,0.47908902168273926,0.6199954152107239,1.0770199298858643,0.25542110204696655,0.3411201238632202,0.5926639437675476,0.2058165967464447,41,0.12067854404449463,145,0.00530850887298584,50.613277435302734,1058.4852294921875,3105,3105,0.021484375,0.0,0.021484375,,1e-05,0.017436079680919647,3.809656858444214,4.690668106079102,0.045212388038635254,-0.05938264727592468,0.8994524478912354,0.22996358573436737,MISSING_BROADCASTED_DIAGNOSTIC
89,0.4729278087615967,0.6287815570831299,1.0358927249908447,0.2552793622016907,0.3396090567111969,0.5807623863220215,0.20601464807987213,54,0.19251909852027893,133,0.003365814685821533,51.90555953979492,1005.7034912109375,3082,3082,0.022135416666666668,0.0,0.022135416666666668,,1e-05,0.0159361120313406,3.8543343544006348,4.68533992767334,0.03591630980372429,-0.056892313063144684,0.9696333408355713,0.18463662266731262,MISSING_BROADCASTED_DIAGNOSTIC
90,0.48243215680122375,0.6378211379051208,1.0447849035263062,0.2580568790435791,0.3459097445011139,0.6442582607269287,0.20593397319316864,53,0.13788503408432007,122,0.007617950439453125,48.290992736816406,1081.255126953125,3126,3126,0.016276041666666668,0.0,0.016276041666666668,,1e-05,0.018067607656121254,3.866978883743286,4.68833589553833,0.04818878322839737,-0.06045904755592346,0.9216412901878357,0.2062700241804123,MISSING_BROADCASTED_DIAGNOSTIC
91,0.4820961356163025,0.6299336552619934,1.1345908641815186,0.2616404592990875,0.3482549786567688,0.6487338542938232,0.2059790939092636,41,0.1509501039981842,199,0.00552821159362793,48.65275573730469,857.6856689453125,3119,3119,0.021484375,0.0,0.021484375,,1e-05,0.017310691997408867,3.9375462532043457,4.676948547363281,0.04449489712715149,-0.05607205256819725,0.9654465913772583,0.19865623116493225,MISSING_BROADCASTED_DIAGNOSTIC
92,0.48021018505096436,0.630386233329773,0.96007239818573,0.2590557336807251,0.34535568952560425,0.5602335929870605,0.20609050989151,39,0.1213235855102539,144,0.0060416460037231445,45.7990837097168,1284.4150390625,3089,3089,0.020182291666666668,0.0,0.020182291666666668,,1e-05,0.017712244763970375,3.847569227218628,4.664382457733154,0.03930319845676422,-0.059023167937994,0.8397366404533386,0.24865774810314178,MISSING_BROADCASTED_DIAGNOSTIC
93,0.4828278422355652,0.634341299533844,1.0335335731506348,0.26440343260765076,0.3501913547515869,0.6120930314064026,0.20617014169692993,45,0.08208414912223816,186,0.006495475769042969,48.14997100830078,967.8096923828125,3132,3132,0.018229166666666668,0.0,0.018229166666666668,,1e-05,0.01916130818426609,3.8191869258880615,4.657557010650635,0.03428259491920471,-0.05963238701224327,0.9192473292350769,0.21876847743988037,MISSING_BROADCASTED_DIAGNOSTIC
94,0.4841766059398651,0.6407169103622437,1.091973900794983,0.26288658380508423,0.3517370820045471,0.7255501747131348,0.20619118213653564,59,0.13269639015197754,140,0.0034087300300598145,53.14996337890625,1060.6826171875,3220,3220,0.017578125,0.0,0.017578125,,1e-05,0.01842263527214527,3.9853248596191406,4.646749019622803,0.03628670051693916,-0.06097279116511345,0.9203292727470398,0.2255783975124359,MISSING_BROADCASTED_DIAGNOSTIC
95,0.4832010567188263,0.6316320300102234,1.1987276077270508,0.2649627923965454,0.3548070788383484,0.6518229842185974,0.20632123947143555,45,0.11113631725311279,167,0.004576146602630615,54.04690170288086,1008.1433715820312,3137,3137,0.0234375,0.0,0.0234375,,1e-05,0.017383968457579613,3.9817452430725098,4.628190994262695,0.04597653076052666,-0.058970917016267776,0.9470576643943787,0.20114879310131073,MISSING_BROADCASTED_DIAGNOSTIC
96,0.48172107338905334,0.6333085298538208,0.9995521306991577,0.2631988823413849,0.3550567030906677,0.5839154124259949,0.20644830167293549,38,0.17574551701545715,162,0.003720998764038086,54.56184768676758,1132.418212890625,3233,3233,0.018880208333333332,0.0,0.018880208333333332,,1e-05,0.018077438697218895,3.9041569232940674,4.6138916015625,0.04210196062922478,-0.05649072676897049,0.9015297293663025,0.2104760855436325,MISSING_BROADCASTED_DIAGNOSTIC
97,0.48475366830825806,0.6414412260055542,1.1896921396255493,0.2645356357097626,0.3574032783508301,0.6284686923027039,0.2065330147743225,59,0.1415744125843048,159,0.0049245357513427734,47.59601593017578,1499.9620361328125,3203,3203,0.01953125,0.0,0.01953125,,1e-05,0.016844062134623528,3.863999128341675,4.5946173667907715,0.03627439960837364,-0.059021901339292526,0.950381875038147,0.20541203022003174,MISSING_BROADCASTED_DIAGNOSTIC
98,0.4815102517604828,0.6330434083938599,1.1113924980163574,0.26246723532676697,0.35031235218048096,0.6073592901229858,0.20671555399894714,56,0.16897723078727722,188,0.005292177200317383,49.08601760864258,998.15673828125,3093,3093,0.024088541666666668,0.0,0.024088541666666668,,1e-05,0.016581334173679352,3.9664323329925537,4.570094108581543,0.04064309224486351,-0.05624696612358093,0.958737313747406,0.2051774263381958,MISSING_BROADCASTED_DIAGNOSTIC
99,0.48798680305480957,0.6408473253250122,1.1914654970169067,0.26884281635284424,0.3555658161640167,0.6111053228378296,0.20685990154743195,48,0.16813862323760986,167,0.005434989929199219,53.64279556274414,967.4688110351562,3128,3128,0.017578125,0.0,0.017578125,,1e-05,0.018577342852950096,3.865081548690796,4.563199520111084,0.043514806777238846,-0.06029728055000305,0.9759416580200195,0.18733465671539307,MISSING_BROADCASTED_DIAGNOSTIC
100,0.48888906836509705,0.6481788754463196,1.0504722595214844,0.2680184543132782,0.3572431802749634,0.5927024483680725,0.20684315264225006,63,0.1779249608516693,154,0.004027128219604492,52.76167678833008,953.2973022460938,3152,3152,0.021484375,0.0,0.021484375,,1e-05,0.016929075121879578,3.9774510860443115,4.57065486907959,0.03693859279155731,-0.058268655091524124,0.951809287071228,0.1919720619916916,MISSING_BROADCASTED_DIAGNOSTIC
101,0.4824364483356476,0.6408728361129761,1.1811168193817139,0.26661446690559387,0.352236807346344,0.5919231176376343,0.20675379037857056,46,0.14761048555374146,135,0.006381034851074219,49.38718795776367,1209.795166015625,3103,3103,0.020182291666666668,0.0,0.020182291666666668,,1e-05,0.017392970621585846,4.031386375427246,4.573298931121826,0.036292664706707,-0.05560075119137764,0.9400274157524109,0.19546693563461304,MISSING_BROADCASTED_DIAGNOSTIC
102,0.4855715036392212,0.636570930480957,1.0922939777374268,0.2684745490550995,0.3562617897987366,0.7158293724060059,0.20681729912757874,53,0.19563701748847961,200,0.0076569318771362305,46.02606964111328,1093.0697021484375,3037,3037,0.018229166666666668,0.0,0.018229166666666668,,1e-05,0.01652681827545166,4.058279037475586,4.561415195465088,0.042313139885663986,-0.05329253897070885,0.9904059171676636,0.1719132363796234,MISSING_BROADCASTED_DIAGNOSTIC
103,0.48570606112480164,0.6420111060142517,1.1161667108535767,0.26693713665008545,0.3552442491054535,0.6375160217285156,0.20687997341156006,40,0.09730121493339539,169,0.0066637396812438965,49.66276550292969,1079.43701171875,3134,3134,0.022786458333333332,0.0,0.022786458333333332,,1e-05,0.017564289271831512,4.10591459274292,4.551732540130615,0.032231103628873825,-0.05666331201791763,0.8945199251174927,0.21722939610481262,MISSING_BROADCASTED_DIAGNOSTIC
104,0.48449423909187317,0.6458486318588257,1.1302783489227295,0.27649208903312683,0.3681446611881256,0.6396644115447998,0.2069801241159439,48,0.1693849265575409,124,0.0049245357513427734,50.56743621826172,1131.137939453125,3180,3180,0.01953125,0.0,0.01953125,,1e-05,0.01664155162870884,3.977386236190796,4.536609649658203,0.036938298493623734,-0.053443800657987595,0.9771137237548828,0.16586346924304962,MISSING_BROADCASTED_DIAGNOSTIC
105,0.4856957495212555,0.6432650089263916,1.134390115737915,0.26930609345436096,0.36094579100608826,0.5793250203132629,0.20707917213439941,52,0.15491116046905518,128,0.004682421684265137,47.4891471862793,1012.6541748046875,3191,3191,0.01953125,0.0,0.01953125,,1e-05,0.01913602463901043,3.937410354614258,4.516995906829834,0.03213425725698471,-0.05621467903256416,0.9360592365264893,0.18772262334823608,MISSING_BROADCASTED_DIAGNOSTIC
106,0.48537540435791016,0.641484797000885,1.233967661857605,0.2697378098964691,0.35883089900016785,0.6329473257064819,0.20727451145648956,49,0.2009992003440857,176,0.004123568534851074,46.03543472290039,954.0185546875,3154,3154,0.020833333333333332,0.0,0.020833333333333332,,1e-05,0.01752524822950363,3.897723913192749,4.4845404624938965,0.0404263399541378,-0.05707563832402229,0.9216481447219849,0.1967979520559311,MISSING_BROADCASTED_DIAGNOSTIC
107,0.48789891600608826,0.6433904767036438,1.082093596458435,0.2706071436405182,0.3581234812736511,0.6635815501213074,0.20752224326133728,37,0.11623728275299072,112,0.0033325552940368652,49.49711608886719,979.3063354492188,3265,3265,0.015625,0.0,0.015625,,1e-05,0.01731858029961586,4.01107120513916,4.470344066619873,0.03738812729716301,-0.055939193814992905,0.9007920026779175,0.20892807841300964,MISSING_BROADCASTED_DIAGNOSTIC
108,0.4869004189968109,0.6430476903915405,1.1177631616592407,0.26995038986206055,0.3618193566799164,0.6219507455825806,0.2075258493423462,66,0.12111100554466248,158,0.0036873817443847656,55.11479949951172,1475.6031494140625,3109,3109,0.026041666666666668,0.0,0.026041666666666668,,1e-05,0.017434800043702126,3.877042055130005,4.468350887298584,0.037128280848264694,-0.05795145779848099,0.9928738474845886,0.16679875552654266,MISSING_BROADCASTED_DIAGNOSTIC
109,0.48997411131858826,0.6467055082321167,1.1236052513122559,0.2724865972995758,0.3656730353832245,0.6239503026008606,0.2075529843568802,48,0.12333253026008606,173,0.0039006471633911133,53.981563568115234,982.1844482421875,3222,3222,0.018229166666666668,0.0,0.018229166666666668,,1e-05,0.017328040674328804,3.891838788986206,4.4641194343566895,0.037982966750860214,-0.06118377670645714,0.992944598197937,0.1790485829114914,MISSING_BROADCASTED_DIAGNOSTIC
110,0.49386969208717346,0.6525560617446899,1.1439803838729858,0.26970386505126953,0.36417120695114136,0.6689425706863403,0.20758625864982605,48,0.2393014132976532,138,0.004801928997039795,45.336029052734375,1136.1175537109375,3168,3168,0.018229166666666668,0.0,0.018229166666666668,,1e-05,0.017678814008831978,4.033746242523193,4.462944984436035,0.03206827864050865,-0.059293776750564575,0.8921250104904175,0.19822460412979126,MISSING_BROADCASTED_DIAGNOSTIC
111,0.4894617199897766,0.6510586738586426,1.0650724172592163,0.2710956037044525,0.36035311222076416,0.7252503633499146,0.20758387446403503,37,0.10336872935295105,147,0.004263401031494141,49.72563934326172,1027.619873046875,3174,3174,0.024088541666666668,0.0,0.024088541666666668,,1e-05,0.017218178138136864,3.8022823333740234,4.4557929039001465,0.035516899079084396,-0.058331456035375595,0.9728922843933105,0.17600253224372864,MISSING_BROADCASTED_DIAGNOSTIC
112,0.4898037016391754,0.6474199295043945,1.075589656829834,0.27497628331184387,0.36297374963760376,0.6435815095901489,0.20768342912197113,54,0.0951138436794281,116,0.005119919776916504,53.716087341308594,1082.634521484375,3143,3143,0.020833333333333332,0.0,0.020833333333333332,,1e-05,0.018447427079081535,3.871074676513672,4.45477294921875,0.037049584090709686,-0.055840469896793365,0.8744997978210449,0.2405213564634323,MISSING_BROADCASTED_DIAGNOSTIC
113,0.4927794337272644,0.64891117811203,1.0736005306243896,0.273106187582016,0.36901289224624634,0.6756337285041809,0.2076108604669571,44,0.11780190467834473,157,0.00680088996887207,49.56571960449219,1078.7685546875,3189,3189,0.015625,0.0,0.015625,,1e-05,0.017813298851251602,3.8781917095184326,4.463937759399414,0.039618056267499924,-0.057076066732406616,0.8925558924674988,0.2592599391937256,MISSING_BROADCASTED_DIAGNOSTIC
114,0.48631808161735535,0.6443838477134705,1.0773924589157104,0.2672489583492279,0.35604479908943176,0.5965183973312378,0.2075532078742981,47,0.18633407354354858,141,0.0047724246978759766,52.65087890625,1025.549560546875,3175,3175,0.01953125,0.0,0.01953125,,1e-05,0.01651463285088539,4.026712417602539,4.4690937995910645,0.048266585916280746,-0.05385594442486763,0.9061444997787476,0.20813965797424316,MISSING_BROADCASTED_DIAGNOSTIC
115,0.49215489625930786,0.6475829482078552,1.1169066429138184,0.276016503572464,0.37171006202697754,0.6266224980354309,0.20753443241119385,41,0.12631729245185852,178,0.0038632750511169434,50.15522003173828,1190.7044677734375,3189,3189,0.01953125,0.0,0.01953125,,1e-05,0.017368484288454056,4.1522321701049805,4.476469039916992,0.03441751375794411,-0.057505425065755844,0.9864780306816101,0.16467173397541046,MISSING_BROADCASTED_DIAGNOSTIC
116,0.4908009469509125,0.6497430801391602,1.0689831972122192,0.2757571041584015,0.36974889039993286,0.6661204099655151,0.20746709406375885,59,0.1625453233718872,179,0.006612956523895264,55.69467544555664,1228.4422607421875,3119,3119,0.021484375,0.0,0.021484375,,1e-05,0.019695423543453217,4.032773017883301,4.466113567352295,0.030846161767840385,-0.05645561218261719,0.8980953097343445,0.1925857961177826,MISSING_BROADCASTED_DIAGNOSTIC
117,0.4900089204311371,0.6471661329269409,1.103415608406067,0.2766970098018646,0.37323281168937683,0.6392341256141663,0.20764584839344025,44,0.09899270534515381,176,0.007273197174072266,47.38176727294922,891.7797241210938,3177,3177,0.024739583333333332,0.0,0.024739583333333332,,1e-05,0.01801338605582714,4.059926509857178,4.438089847564697,0.02641548030078411,-0.05741602182388306,1.0247793197631836,0.1382344663143158,MISSING_BROADCASTED_DIAGNOSTIC
118,0.4919910132884979,0.6521907448768616,1.0695414543151855,0.27701470255851746,0.36715614795684814,0.6525368094444275,0.20784255862236023,49,0.09957540035247803,152,0.004703938961029053,51.742462158203125,1094.708251953125,3128,3128,0.016927083333333332,0.0,0.016927083333333332,,1e-05,0.0182242002338171,3.9465157985687256,4.421174049377441,0.032690394669771194,-0.05565367266535759,0.970160961151123,0.1706695556640625,MISSING_BROADCASTED_DIAGNOSTIC
119,0.500106155872345,0.6600629687309265,1.0949792861938477,0.2822530269622803,0.3778315484523773,0.6491208672523499,0.2079196721315384,51,0.14883381128311157,158,0.005530655384063721,49.26071548461914,1403.51806640625,3085,3085,0.022135416666666668,0.0,0.022135416666666668,,1e-05,0.01681896112859249,3.8820950984954834,4.416147708892822,0.030984148383140564,-0.05512961745262146,0.9758931994438171,0.1719938963651657,MISSING_BROADCASTED_DIAGNOSTIC
120,0.49695977568626404,0.6534906625747681,1.0074067115783691,0.28251996636390686,0.3784404397010803,0.7000872492790222,0.20792266726493835,38,0.165662944316864,121,0.003644406795501709,53.86137771606445,1009.665771484375,3108,3108,0.016927083333333332,0.0,0.016927083333333332,,1e-05,0.017297876998782158,4.060705661773682,4.405590057373047,0.034576449543237686,-0.05772678926587105,0.9843472242355347,0.16489285230636597,MISSING_BROADCASTED_DIAGNOSTIC
121,0.4978024363517761,0.6507800221443176,1.1655372381210327,0.28502947092056274,0.37923353910446167,0.6495237350463867,0.2080778330564499,45,0.1316462755203247,164,0.00589829683303833,52.629512786865234,1017.340087890625,3071,3071,0.022135416666666668,0.0,0.022135416666666668,,1e-05,0.018993088975548744,3.9330387115478516,4.374954700469971,0.026528676971793175,-0.059622831642627716,0.9691600203514099,0.1642170548439026,MISSING_BROADCASTED_DIAGNOSTIC
122,0.4993637502193451,0.6580849885940552,1.0701870918273926,0.2871171534061432,0.38670608401298523,0.6922942399978638,0.20833373069763184,41,0.1217222511768341,170,0.004175901412963867,51.01375961303711,967.6160888671875,3088,3088,0.021484375,0.0,0.021484375,,1e-05,0.018209680914878845,3.8124020099639893,4.352644443511963,0.03438122943043709,-0.059011686593294144,0.9224108457565308,0.21106725931167603,MISSING_BROADCASTED_DIAGNOSTIC
123,0.4983068108558655,0.6553934216499329,1.0289862155914307,0.28140997886657715,0.3778388500213623,0.6226978898048401,0.2084439992904663,52,0.11782020330429077,121,0.004383742809295654,47.845611572265625,1096.951171875,3107,3107,0.017578125,0.0,0.017578125,,1e-05,0.018470069393515587,3.933917760848999,4.3319010734558105,0.03781282529234886,-0.05650445818901062,0.8607761263847351,0.2248690128326416,MISSING_BROADCASTED_DIAGNOSTIC
124,0.49960169196128845,0.6568212509155273,1.1271893978118896,0.2861759066581726,0.3785061836242676,0.696800947189331,0.20861992239952087,48,0.16772112250328064,171,0.004561364650726318,48.3327522277832,1429.697265625,3052,3052,0.01953125,0.0,0.01953125,,1e-05,0.019568970426917076,3.8569247722625732,4.311159610748291,0.03876015171408653,-0.061150189489126205,0.9158098697662354,0.20066533982753754,MISSING_BROADCASTED_DIAGNOSTIC
125,0.5002467632293701,0.6607770919799805,1.2196412086486816,0.28736987709999084,0.38341137766838074,0.7059159874916077,0.20874743163585663,52,0.20308414101600647,164,0.005317270755767822,50.5734977722168,748.0001220703125,3166,3166,0.01953125,0.0,0.01953125,,1e-05,0.017661485821008682,4.118603706359863,4.299185752868652,0.03195550665259361,-0.05852434039115906,0.9767224192619324,0.21248720586299896,MISSING_BROADCASTED_DIAGNOSTIC
126,0.49785855412483215,0.6594887375831604,1.1160364151000977,0.28561273217201233,0.38426607847213745,0.6526146531105042,0.20880411565303802,51,0.11392998695373535,172,0.004784047603607178,59.17461395263672,1077.0946044921875,3147,3147,0.018229166666666668,0.0,0.018229166666666668,,1e-05,0.018947305157780647,3.9076199531555176,4.28939962387085,0.03028722107410431,-0.055557847023010254,0.8973399996757507,0.2269073724746704,MISSING_BROADCASTED_DIAGNOSTIC
127,0.49989864230155945,0.6564286947250366,1.0773688554763794,0.28647902607917786,0.38593894243240356,0.6285316348075867,0.20888566970825195,56,0.1580236256122589,188,0.00450289249420166,50.96658706665039,1237.180419921875,3106,3106,0.024739583333333332,0.0,0.024739583333333332,,1e-05,0.016577599570155144,4.007446765899658,4.271751403808594,0.03802233561873436,-0.05334160849452019,0.9496127963066101,0.20160119235515594,MISSING_BROADCASTED_DIAGNOSTIC
128,0.49606767296791077,0.6630016565322876,1.2063229084014893,0.28213271498680115,0.37848514318466187,0.6587144732475281,0.20904198288917542,54,0.1327284872531891,149,0.0050817131996154785,54.38856887817383,928.9419555664062,3132,3132,0.01953125,0.0,0.01953125,,1e-05,0.019129272550344467,4.066516399383545,4.252753734588623,0.03486759588122368,-0.05568966269493103,0.9380266070365906,0.19898366928100586,MISSING_BROADCASTED_DIAGNOSTIC
129,0.5026481747627258,0.6716344952583313,1.155634880065918,0.29549917578697205,0.40087321400642395,0.7162659168243408,0.2091536670923233,59,0.15528026223182678,94,0.005771040916442871,47.07860565185547,1040.898681640625,3253,3253,0.017578125,0.0,0.017578125,,1e-05,0.017697209492325783,4.032283306121826,4.2395172119140625,0.03891804814338684,-0.05804313346743584,0.9475687742233276,0.20496270060539246,MISSING_BROADCASTED_DIAGNOSTIC
130,0.5062471628189087,0.6638555526733398,1.0629730224609375,0.2938547134399414,0.3935314118862152,0.7055264711380005,0.2092440128326416,60,0.11870300769805908,134,0.004361927509307861,48.772071838378906,1228.239501953125,3256,3256,0.018229166666666668,0.0,0.018229166666666668,,1e-05,0.01802137866616249,4.012669086456299,4.222079277038574,0.03155205398797989,-0.05705242231488228,1.0090994834899902,0.1732693612575531,MISSING_BROADCASTED_DIAGNOSTIC
131,0.5040866732597351,0.6731063723564148,1.1357066631317139,0.29243913292884827,0.393187016248703,0.6895731687545776,0.20941956341266632,62,0.20305725932121277,117,0.004753708839416504,54.320594787597656,1087.44580078125,3169,3169,0.022135416666666668,0.0,0.022135416666666668,,1e-05,0.018974075093865395,4.0150275230407715,4.1969757080078125,0.03635363653302193,-0.05883901193737984,0.9452621340751648,0.21947726607322693,MISSING_BROADCASTED_DIAGNOSTIC
132,0.5047740340232849,0.6673726439476013,1.0553431510925293,0.29055336117744446,0.3941431939601898,0.6659256219863892,0.20958131551742554,57,0.13312634825706482,124,0.006572604179382324,56.771080017089844,1106.4825439453125,3271,3271,0.014322916666666666,0.0,0.014322916666666666,,1e-05,0.016897572204470634,3.8785016536712646,4.18225622177124,0.044791970402002335,-0.05637213587760925,0.978354811668396,0.1632319539785385,MISSING_BROADCASTED_DIAGNOSTIC
133,0.5058477520942688,0.6608350276947021,1.0589871406555176,0.29512524604797363,0.3967812657356262,0.711887538433075,0.20965752005577087,59,0.15818578004837036,136,0.005561411380767822,52.76402282714844,1134.36083984375,3081,3081,0.026692708333333332,0.0,0.026692708333333332,,1e-05,0.016265498474240303,3.8845436573028564,4.165818691253662,0.04350915178656578,-0.05497611314058304,1.0165213346481323,0.19545012712478638,MISSING_BROADCASTED_DIAGNOSTIC
134,0.4970240294933319,0.6603499054908752,1.1048810482025146,0.2850288152694702,0.3822055757045746,0.6687490940093994,0.2098056674003601,68,0.21271201968193054,150,0.004551351070404053,48.553226470947266,822.469970703125,3177,3177,0.018229166666666668,0.0,0.018229166666666668,,1e-05,0.017101630568504333,3.9814765453338623,4.155508995056152,0.03483298048377037,-0.059163082391023636,0.9349164962768555,0.21062704920768738,MISSING_BROADCASTED_DIAGNOSTIC
135,0.49691712856292725,0.6645915508270264,1.144719123840332,0.28485795855522156,0.38492390513420105,0.6562457084655762,0.20979821681976318,69,0.1341928243637085,125,0.004225552082061768,54.85947799682617,925.5253295898438,3126,3126,0.018880208333333332,0.0,0.018880208333333332,,1e-05,0.015782445669174194,4.018194198608398,4.163112163543701,0.035423051565885544,-0.05760686472058296,0.9122306108474731,0.21907806396484375,MISSING_BROADCASTED_DIAGNOSTIC
136,0.505023181438446,0.6710965037345886,1.1275389194488525,0.2929595410823822,0.3946835994720459,0.7243145108222961,0.2097354382276535,67,0.13938868045806885,145,0.006543159484863281,50.61818313598633,1319.009033203125,3201,3201,0.022135416666666668,0.0,0.022135416666666668,,1e-05,0.017824599519371986,3.9954116344451904,4.163471221923828,0.03832701966166496,-0.05338099226355553,0.9881569743156433,0.17877380549907684,MISSING_BROADCASTED_DIAGNOSTIC
137,0.5001252293586731,0.6620104908943176,1.143409013748169,0.28698092699050903,0.384331077337265,0.634624719619751,0.20976586639881134,46,0.1249971091747284,109,0.0037890076637268066,50.8047981262207,971.5031127929688,3127,3127,0.020182291666666668,0.0,0.020182291666666668,,1e-05,0.0174013189971447,3.9379920959472656,4.162963390350342,0.03445282205939293,-0.057518746703863144,0.9026530981063843,0.19006359577178955,MISSING_BROADCASTED_DIAGNOSTIC
138,0.5093662738800049,0.6749839782714844,1.1612639427185059,0.2939348816871643,0.39193081855773926,0.6777603030204773,0.2097535878419876,58,0.16532284021377563,185,0.004067182540893555,48.747467041015625,1140.548583984375,3166,3166,0.022786458333333332,0.0,0.022786458333333332,,1e-05,0.017107568681240082,4.136570930480957,4.16644287109375,0.02922837994992733,-0.05606433376669884,1.0038633346557617,0.16363534331321716,MISSING_BROADCASTED_DIAGNOSTIC
139,0.5100535154342651,0.6696294546127319,1.1435840129852295,0.2975276708602905,0.3989752531051636,0.6317651867866516,0.20971916615962982,56,0.10849708318710327,125,0.005045890808105469,48.75249481201172,1080.2642822265625,3240,3240,0.020833333333333332,0.0,0.020833333333333332,,1e-05,0.017040405422449112,4.149177074432373,4.168701648712158,0.03134443983435631,-0.05543280765414238,0.9280878305435181,0.17948579788208008,MISSING_BROADCASTED_DIAGNOSTIC
140,0.5074480175971985,0.6646445989608765,1.0754634141921997,0.2967607378959656,0.39468204975128174,0.672744631767273,0.2097139060497284,55,0.1974860429763794,145,0.005833685398101807,52.97415542602539,920.4366455078125,3087,3087,0.01953125,0.0,0.01953125,,1e-05,0.017662085592746735,3.9519965648651123,4.158489227294922,0.030887210741639137,-0.05551324412226677,1.005553960800171,0.18308129906654358,MISSING_BROADCASTED_DIAGNOSTIC
141,0.5026062726974487,0.6602608561515808,1.1534919738769531,0.2921176552772522,0.3971235752105713,0.7254204750061035,0.209872767329216,44,0.1341494619846344,103,0.007090091705322266,45.379695892333984,1085.5780029296875,3197,3197,0.018880208333333332,0.0,0.018880208333333332,,1e-05,0.018116431310772896,3.9217374324798584,4.134555816650391,0.03498736396431923,-0.056377340108156204,0.8995850086212158,0.25862932205200195,MISSING_BROADCASTED_DIAGNOSTIC
142,0.5080021619796753,0.6674520969390869,1.1946814060211182,0.2957248389720917,0.39699310064315796,0.6650859117507935,0.2100462168455124,64,0.10887366533279419,136,0.004994332790374756,50.58661651611328,1390.723388671875,3177,3177,0.016927083333333332,0.0,0.016927083333333332,,1e-05,0.017637047916650772,4.071258068084717,4.115208625793457,0.037015318870544434,-0.05686306580901146,0.9431764483451843,0.23017291724681854,MISSING_BROADCASTED_DIAGNOSTIC
143,0.507513701915741,0.6715574264526367,1.0983667373657227,0.2986239790916443,0.3960707485675812,0.6283432245254517,0.21017275750637054,47,0.2010740339756012,112,0.004173696041107178,47.6644401550293,1158.2506103515625,3160,3160,0.022786458333333332,0.0,0.022786458333333332,,1e-05,0.017347900196909904,4.007961750030518,4.1028571128845215,0.030727287754416466,-0.05918584018945694,0.9624433517456055,0.2000587284564972,MISSING_BROADCASTED_DIAGNOSTIC
144,0.508051335811615,0.669748842716217,1.1699470281600952,0.2959619164466858,0.40183570981025696,0.678598165512085,0.2102171778678894,54,0.14167684316635132,123,0.005231618881225586,49.574737548828125,1165.5386962890625,3082,3082,0.018229166666666668,0.0,0.018229166666666668,,1e-05,0.01697215810418129,4.071288585662842,4.097761154174805,0.033917173743247986,-0.053525425493717194,0.9472824931144714,0.19975194334983826,MISSING_BROADCASTED_DIAGNOSTIC
145,0.5083370208740234,0.6682831048965454,1.1746602058410645,0.2928813695907593,0.3929634094238281,0.7724476456642151,0.2102603316307068,70,0.16904985904693604,158,0.0038444995880126953,47.62455368041992,1235.0615234375,3118,3118,0.022786458333333332,0.0,0.022786458333333332,,1e-05,0.017285997048020363,4.046088695526123,4.089908123016357,0.03224442899227142,-0.05467730388045311,0.9793227910995483,0.1698095053434372,MISSING_BROADCASTED_DIAGNOSTIC
146,0.5105949640274048,0.669824481010437,1.1240174770355225,0.30036628246307373,0.4049960970878601,0.7254237532615662,0.21032938361167908,63,0.1578756868839264,138,0.0027179718017578125,46.710609436035156,1061.4578857421875,3188,3188,0.01953125,0.0,0.01953125,,1e-05,0.017336733639240265,3.907972812652588,4.087508678436279,0.026819298043847084,-0.054954756051301956,0.9369629621505737,0.20924882590770721,MISSING_BROADCASTED_DIAGNOSTIC
147,0.5135140419006348,0.6822966933250427,1.1131069660186768,0.30626294016838074,0.41317448019981384,0.6986521482467651,0.21028387546539307,55,0.22043690085411072,142,0.004568874835968018,54.33778762817383,1263.96435546875,3176,3176,0.021484375,0.0,0.021484375,,1e-05,0.016072850674390793,4.149893283843994,4.093454360961914,0.03560568392276764,-0.0531688928604126,0.9047116041183472,0.24304626882076263,MISSING_BROADCASTED_DIAGNOSTIC
148,0.5093810558319092,0.6766436100006104,1.0917526483535767,0.3015548586845398,0.4031689167022705,0.6944507956504822,0.2102677822113037,54,0.16389191150665283,133,0.006576657295227051,52.2376594543457,799.6780395507812,3115,3115,0.016927083333333332,0.0,0.016927083333333332,,1e-05,0.01831597276031971,4.043229103088379,4.087172508239746,0.04019693657755852,-0.05639846250414848,0.8277117013931274,0.26229625940322876,MISSING_BROADCASTED_DIAGNOSTIC
149,0.5119461417198181,0.6738013029098511,1.1512868404388428,0.30263859033584595,0.4067453145980835,0.7155826687812805,0.21036486327648163,51,0.10660693049430847,174,0.004888951778411865,45.623321533203125,996.2771606445312,3102,3102,0.020182291666666668,0.0,0.020182291666666668,,1e-05,0.020344575867056847,3.902667284011841,4.069901943206787,0.031304098665714264,-0.057394083589315414,0.9726427793502808,0.15818482637405396,MISSING_BROADCASTED_DIAGNOSTIC
150,0.5110952258110046,0.6693449020385742,1.1347627639770508,0.2981674075126648,0.40790727734565735,0.7001972794532776,0.2105015218257904,55,0.1276266872882843,124,0.004635214805603027,50.85848617553711,1185.9024658203125,3222,3222,0.018880208333333332,0.0,0.018880208333333332,,1e-05,0.01819024793803692,3.9086110591888428,4.0568084716796875,0.03721953555941582,-0.05903967097401619,0.8672480583190918,0.22794291377067566,MISSING_BROADCASTED_DIAGNOSTIC
151,0.5152072310447693,0.6738193035125732,1.1338586807250977,0.3044925928115845,0.41486313939094543,0.727648138999939,0.2105811983346939,60,0.2354847490787506,114,0.003795325756072998,48.953426361083984,1163.389404296875,3187,3187,0.022135416666666668,0.0,0.022135416666666668,,1e-05,0.01784271001815796,4.092565059661865,4.031725883483887,0.038482874631881714,-0.05512184649705887,0.9128079414367676,0.20891961455345154,MISSING_BROADCASTED_DIAGNOSTIC
152,0.5163286328315735,0.6871228814125061,1.1271116733551025,0.3035206198692322,0.41233721375465393,0.7434923648834229,0.21085664629936218,71,0.1645197570323944,93,0.004357755184173584,55.820072174072266,927.2523193359375,3101,3101,0.018229166666666668,0.0,0.018229166666666668,,1e-05,0.01727348193526268,4.081684112548828,4.001772880554199,0.03986602649092674,-0.05531023070216179,0.9017590284347534,0.2091566026210785,MISSING_BROADCASTED_DIAGNOSTIC
153,0.512447714805603,0.678856372833252,1.208836317062378,0.3039122521877289,0.4157032370567322,0.7974149584770203,0.21101510524749756,75,0.15940865874290466,135,0.004956603050231934,47.94791793823242,779.93310546875,3118,3118,0.01953125,0.0,0.01953125,,1e-05,0.01965484395623207,3.9204750061035156,3.9770073890686035,0.030655747279524803,-0.05641873553395271,1.0238144397735596,0.1402128040790558,MISSING_BROADCASTED_DIAGNOSTIC
154,0.5192884802818298,0.6801897883415222,1.1495882272720337,0.3085792362689972,0.418711394071579,0.7396044731140137,0.21121741831302643,57,0.1283060610294342,57,0.00531238317489624,47.343345642089844,1165.899658203125,3211,3211,0.022135416666666668,0.0,0.022135416666666668,,1e-05,0.019253823906183243,4.000524520874023,3.9586029052734375,0.0329609215259552,-0.05427693948149681,0.9856841564178467,0.17641663551330566,MISSING_BROADCASTED_DIAGNOSTIC
155,0.5189275145530701,0.6829004287719727,1.3007235527038574,0.30758368968963623,0.42142316699028015,0.7692466974258423,0.2112998068332672,51,0.16931414604187012,120,0.004655778408050537,49.328670501708984,1035.2557373046875,3175,3175,0.020182291666666668,0.0,0.020182291666666668,,1e-05,0.018178297206759453,4.050343036651611,3.947582960128784,0.0388118177652359,-0.05259902402758598,0.969474732875824,0.18661299347877502,MISSING_BROADCASTED_DIAGNOSTIC
156,0.5193069577217102,0.6900060772895813,1.2652238607406616,0.31063878536224365,0.4233255386352539,0.7645282745361328,0.21138478815555573,68,0.16442325711250305,85,0.005519270896911621,49.33268737792969,1271.3245849609375,3193,3193,0.01953125,0.0,0.01953125,,1e-05,0.017912905663251877,4.04770565032959,3.9316422939300537,0.03402044624090195,-0.054888781160116196,0.9321756362915039,0.1830834150314331,MISSING_BROADCASTED_DIAGNOSTIC
157,0.5183388590812683,0.6814470291137695,1.176992654800415,0.3121836185455322,0.42413589358329773,0.8215276002883911,0.2115180343389511,78,0.16587060689926147,147,0.006914675235748291,52.39273452758789,924.760498046875,3190,3190,0.020833333333333332,0.0,0.020833333333333332,,1e-05,0.016863137483596802,3.9685420989990234,3.91349458694458,0.028635883703827858,-0.054954834282398224,1.0473779439926147,0.15830835700035095,MISSING_BROADCASTED_DIAGNOSTIC
158,0.5157559514045715,0.6776624917984009,1.305675983428955,0.3092964291572571,0.416068971157074,0.8924126625061035,0.2116519808769226,71,0.3108399212360382,115,0.005534529685974121,49.44007873535156,1062.989501953125,3143,3143,0.018880208333333332,0.0,0.018880208333333332,,1e-05,0.01635037735104561,3.9948880672454834,3.8966064453125,0.02652912214398384,-0.05505310371518135,1.0068774223327637,0.16679589450359344,MISSING_BROADCASTED_DIAGNOSTIC
159,0.5217815041542053,0.7000845670700073,1.2394641637802124,0.3141155242919922,0.4208815097808838,0.7855154275894165,0.2117556929588318,56,0.11259347200393677,142,0.005183100700378418,46.30865478515625,1178.686279296875,3123,3123,0.022135416666666668,0.0,0.022135416666666668,,1e-05,0.016934026032686234,3.992823839187622,3.8851094245910645,0.02840561978518963,-0.055303193628787994,0.9394063353538513,0.19746623933315277,MISSING_BROADCASTED_DIAGNOSTIC
160,0.5207651257514954,0.6875790357589722,1.1038148403167725,0.30834609270095825,0.4188946783542633,0.8160055875778198,0.2118464559316635,64,0.20881271362304688,101,0.00614476203918457,44.36637496948242,894.4916381835938,3123,3123,0.01953125,0.0,0.01953125,,1e-05,0.017582714557647705,4.017251014709473,3.864527463912964,0.02980859950184822,-0.05668674036860466,0.9206880331039429,0.22998034954071045,MISSING_BROADCASTED_DIAGNOSTIC
161,0.5206630229949951,0.6888369917869568,1.158857822418213,0.3105417788028717,0.4252387583255768,0.7801703810691833,0.21202802658081055,54,0.14392149448394775,114,0.005875110626220703,50.679405212402344,1198.433837890625,3154,3154,0.021484375,0.0,0.021484375,,1e-05,0.01830930821597576,4.0418291091918945,3.849539279937744,0.028012340888381004,-0.05462343618273735,0.8656041026115417,0.24264243245124817,MISSING_BROADCASTED_DIAGNOSTIC
162,0.5259526968002319,0.6927083134651184,1.1514874696731567,0.3154422640800476,0.4271376430988312,0.8479357957839966,0.21208535134792328,76,0.198758065700531,140,0.0050362348556518555,53.843505859375,1025.90771484375,3139,3139,0.016927083333333332,0.0,0.016927083333333332,,1e-05,0.01734238490462303,3.9679763317108154,3.8494317531585693,0.031716953963041306,-0.05764595419168472,0.9120053052902222,0.20602557063102722,MISSING_BROADCASTED_DIAGNOSTIC
163,0.5210169553756714,0.6881079077720642,1.2954707145690918,0.3170776963233948,0.42762652039527893,0.8331781029701233,0.2120453417301178,65,0.11099857091903687,112,0.0038010478019714355,49.272701263427734,1080.0594482421875,3227,3227,0.020833333333333332,0.0,0.020833333333333332,,1e-05,0.018201615661382675,3.953106641769409,3.8530309200286865,0.033678214997053146,-0.056357961148023605,0.9207772612571716,0.21205680072307587,MISSING_BROADCASTED_DIAGNOSTIC
164,0.5232592821121216,0.6844521760940552,1.2470741271972656,0.31532999873161316,0.4329703748226166,0.7977960109710693,0.21203403174877167,53,0.17558282613754272,123,0.0046370625495910645,56.080257415771484,1272.983154296875,3204,3204,0.015625,0.0,0.015625,,1e-05,0.017915258184075356,3.855344533920288,3.8493168354034424,0.03331083804368973,-0.05628171190619469,0.9860326051712036,0.1871744841337204,MISSING_BROADCASTED_DIAGNOSTIC
165,0.5247126817703247,0.6927235722541809,1.1592540740966797,0.3171849250793457,0.42898696660995483,0.7611345648765564,0.21209387481212616,72,0.2292589545249939,103,0.00672835111618042,48.22142028808594,948.6367797851562,3140,3140,0.022135416666666668,0.0,0.022135416666666668,,1e-05,0.018529793247580528,4.041916370391846,3.838495969772339,0.028598427772521973,-0.054602738469839096,1.016844630241394,0.17197087407112122,MISSING_BROADCASTED_DIAGNOSTIC
166,0.524649977684021,0.6959199905395508,1.2394194602966309,0.3203757703304291,0.43285948038101196,0.7926536202430725,0.21217824518680573,69,0.1708466112613678,121,0.00536799430847168,49.64561462402344,1270.7706298828125,3224,3224,0.01953125,0.0,0.01953125,,1e-05,0.01880481466650963,3.9616706371307373,3.8351075649261475,0.03196493163704872,-0.054988350719213486,0.9979362487792969,0.18516510725021362,MISSING_BROADCASTED_DIAGNOSTIC
167,0.5265308022499084,0.6940855979919434,1.2339792251586914,0.32296332716941833,0.43720385432243347,0.8260076642036438,0.2121570110321045,72,0.27939537167549133,139,0.003966331481933594,47.06275177001953,1040.4122314453125,3192,3192,0.021484375,0.0,0.021484375,,1e-05,0.017879175022244453,4.077643394470215,3.8306641578674316,0.0298833679407835,-0.055232126265764236,0.9611902236938477,0.19228243827819824,MISSING_BROADCASTED_DIAGNOSTIC
168,0.5278661251068115,0.6940469145774841,1.1648924350738525,0.32045701146125793,0.4419424533843994,0.7125186920166016,0.2122548371553421,63,0.16637775301933289,95,0.003930509090423584,62.00727081298828,1121.4375,3164,3164,0.016927083333333332,0.0,0.016927083333333332,,1e-05,0.018390068784356117,3.841224431991577,3.81256103515625,0.030813148245215416,-0.057021614164114,0.9691019058227539,0.2059556245803833,MISSING_BROADCASTED_DIAGNOSTIC
169,0.5230100154876709,0.699697732925415,1.1827666759490967,0.3212762176990509,0.4362238645553589,0.7407719492912292,0.21240317821502686,60,0.11685135960578918,92,0.006664156913757324,50.289894104003906,1081.2525634765625,3142,3142,0.0234375,0.0,0.0234375,,1e-05,0.01732327602803707,3.888420581817627,3.7886569499969482,0.029027780517935753,-0.05583122372627258,0.9339167475700378,0.23632347583770752,MISSING_BROADCASTED_DIAGNOSTIC
170,0.5232712030410767,0.6929933428764343,1.263994812965393,0.32039058208465576,0.4270821511745453,0.787791907787323,0.21260005235671997,62,0.1260707974433899,145,0.006144225597381592,46.77716827392578,1217.83837890625,3187,3187,0.018880208333333332,0.0,0.018880208333333332,,1e-05,0.018939601257443428,3.9515442848205566,3.763943910598755,0.028843162581324577,-0.05546943470835686,0.9129999876022339,0.22755520045757294,MISSING_BROADCASTED_DIAGNOSTIC
171,0.5249341726303101,0.7002218961715698,1.315169334411621,0.3173011541366577,0.43100470304489136,0.789751410484314,0.21275798976421356,75,0.15714716911315918,163,0.005172073841094971,49.448936462402344,1050.078369140625,3138,3138,0.01953125,0.0,0.01953125,,1e-05,0.017839226871728897,3.9858829975128174,3.7505741119384766,0.03795723617076874,-0.05641327425837517,0.9538267850875854,0.2056402862071991,MISSING_BROADCASTED_DIAGNOSTIC
172,0.530218780040741,0.7010095119476318,1.1612908840179443,0.329217791557312,0.4468224048614502,0.8530125021934509,0.21281568706035614,78,0.1509743332862854,95,0.0030316710472106934,51.297420501708984,937.845947265625,3237,3237,0.016927083333333332,0.0,0.016927083333333332,,1e-05,0.018835291266441345,3.9497134685516357,3.738788604736328,0.03686303645372391,-0.05574456602334976,0.9118165373802185,0.2083171308040619,MISSING_BROADCASTED_DIAGNOSTIC
173,0.530400812625885,0.7057371735572815,1.2937040328979492,0.32893702387809753,0.4466550052165985,0.8184366822242737,0.21291522681713104,71,0.18161317706108093,161,0.005575418472290039,48.74911117553711,1431.3660888671875,3155,3155,0.022786458333333332,0.0,0.022786458333333332,,1e-05,0.016474245116114616,4.107329845428467,3.7288658618927,0.031876109540462494,-0.0536656379699707,0.935229480266571,0.20772616565227509,MISSING_BROADCASTED_DIAGNOSTIC
174,0.5346998572349548,0.7070229649543762,1.3314838409423828,0.33338072896003723,0.4531221389770508,0.9319471120834351,0.2129712998867035,76,0.1762876808643341,119,0.0049051642417907715,55.77510070800781,846.8535766601562,3223,3223,0.01953125,0.0,0.01953125,,1e-05,0.01642746292054653,4.126082420349121,3.7110729217529297,0.03468843176960945,-0.05254644155502319,0.9167078733444214,0.19907823204994202,MISSING_BROADCASTED_DIAGNOSTIC
175,0.5332967638969421,0.7115915417671204,1.2707637548446655,0.33491531014442444,0.45075955986976624,0.8758863210678101,0.2131493240594864,79,0.16694453358650208,157,0.005266904830932617,48.419593811035156,985.0825805664062,3115,3115,0.022135416666666668,0.0,0.022135416666666668,,1e-05,0.018934713676571846,3.9895870685577393,3.706456422805786,0.028009900823235512,-0.057249218225479126,0.9614830017089844,0.20301508903503418,MISSING_BROADCASTED_DIAGNOSTIC
176,0.5313755869865417,0.7054190635681152,1.1529784202575684,0.3278137445449829,0.4422072768211365,0.7909599542617798,0.21308539807796478,75,0.1946198046207428,116,0.004492282867431641,49.881221771240234,1175.338623046875,3000,3000,0.022135416666666668,0.0,0.022135416666666668,,1e-05,0.017531272023916245,4.040529251098633,3.704710006713867,0.02756849303841591,-0.05385326221585274,0.9268158674240112,0.1829579472541809,MISSING_BROADCASTED_DIAGNOSTIC
177,0.5349826216697693,0.7058146595954895,1.2989450693130493,0.3315269947052002,0.4548570215702057,0.8610919117927551,0.2131597101688385,100,0.16710317134857178,144,0.00500112771987915,47.935184478759766,1150.651611328125,3139,3139,0.01953125,0.0,0.01953125,,1e-05,0.016975868493318558,4.012927532196045,3.699162244796753,0.025074301287531853,-0.05738765001296997,1.0520061254501343,0.15590569376945496,MISSING_BROADCASTED_DIAGNOSTIC
178,0.5406200885772705,0.7184693217277527,1.1777304410934448,0.33646681904792786,0.45643162727355957,0.9603177309036255,0.2131710648536682,86,0.17237412929534912,82,0.005640268325805664,50.44520950317383,1339.02001953125,3104,3104,0.020833333333333332,0.0,0.020833333333333332,,1e-05,0.019117582589387894,4.0523681640625,3.6929569244384766,0.030725836753845215,-0.05317136272788048,0.9319987297058105,0.23696666955947876,MISSING_BROADCASTED_DIAGNOSTIC
179,0.535828173160553,0.7080451846122742,1.2443256378173828,0.33512410521507263,0.4548978805541992,0.8767825365066528,0.21323512494564056,91,0.18003550171852112,107,0.002873361110687256,58.986839294433594,1206.92041015625,3124,3124,0.021484375,0.0,0.021484375,,1e-05,0.018450304865837097,4.098861217498779,3.688262701034546,0.031090307980775833,-0.052706874907016754,0.8900002837181091,0.23704800009727478,MISSING_BROADCASTED_DIAGNOSTIC
180,0.5368615388870239,0.705989420413971,1.2868915796279907,0.3311140835285187,0.44356676936149597,0.8506470322608948,0.21325674653053284,82,0.14923503994941711,145,0.003655850887298584,59.35619354248047,1161.3267822265625,3091,3091,0.016276041666666668,0.0,0.016276041666666668,,1e-05,0.01938025839626789,4.153640270233154,3.6765830516815186,0.02869306318461895,-0.052503813058137894,0.887370765209198,0.22890004515647888,MISSING_BROADCASTED_DIAGNOSTIC
181,0.5342578291893005,0.7060337662696838,1.409565806388855,0.3350555896759033,0.45143696665763855,0.8732976317405701,0.21337798237800598,79,0.1576654016971588,137,0.008787214756011963,50.239383697509766,1200.7720947265625,3166,3166,0.0234375,0.0,0.0234375,,1e-05,0.021376609802246094,4.010694980621338,3.660951614379883,0.02481290139257908,-0.05455492064356804,0.955328106880188,0.18212169408798218,MISSING_BROADCASTED_DIAGNOSTIC
182,0.5356294512748718,0.7068753838539124,1.156907320022583,0.32961955666542053,0.44695812463760376,0.9369773864746094,0.21349601447582245,87,0.17259469628334045,106,0.005318820476531982,54.383766174316406,1313.9412841796875,3089,3089,0.017578125,0.0,0.017578125,,1e-05,0.019036274403333664,4.032060146331787,3.6426913738250732,0.024592895060777664,-0.05602649971842766,0.9218751192092896,0.17944833636283875,MISSING_BROADCASTED_DIAGNOSTIC
183,0.5335078835487366,0.7042394876480103,1.457202434539795,0.32997044920921326,0.451575368642807,0.9102581739425659,0.2136417180299759,82,0.1344078779220581,132,0.006137490272521973,50.9581413269043,1123.775634765625,3126,3126,0.01953125,0.0,0.01953125,,1e-05,0.0181680079549551,4.118556022644043,3.620870351791382,0.030478451400995255,-0.054528068751096725,1.039388656616211,0.14534179866313934,MISSING_BROADCASTED_DIAGNOSTIC
184,0.5382436513900757,0.712956428527832,1.1998333930969238,0.340151846408844,0.4633656144142151,0.7997367978096008,0.2138286679983139,97,0.1859445869922638,115,0.0061043500900268555,51.46802520751953,1092.055419921875,3213,3213,0.022786458333333332,0.0,0.022786458333333332,,1e-05,0.018838874995708466,4.033451557159424,3.6064507961273193,0.031135646626353264,-0.05655179172754288,0.9803371429443359,0.19579385221004486,MISSING_BROADCASTED_DIAGNOSTIC
185,0.5404998064041138,0.7231438755989075,1.6093883514404297,0.33843690156936646,0.4622020125389099,0.9099794626235962,0.213869109749794,93,0.1348506212234497,52,0.00404512882232666,65.04537963867188,1002.3017578125,3214,3214,0.016276041666666668,0.0,0.016276041666666668,,1e-05,0.018374403938651085,3.9643285274505615,3.596479892730713,0.03843214362859726,-0.05321217700839043,0.8492095470428467,0.2435149848461151,MISSING_BROADCASTED_DIAGNOSTIC
186,0.5377892851829529,0.7182691693305969,1.2844607830047607,0.337862491607666,0.4639444351196289,0.8685356378555298,0.213966503739357,84,0.1834048628807068,79,0.00386655330657959,56.1890983581543,900.2779541015625,3111,3111,0.024088541666666668,0.0,0.024088541666666668,,1e-05,0.01857704110443592,3.9795567989349365,3.5900917053222656,0.02668709121644497,-0.05767061188817024,0.9097105264663696,0.2223358452320099,MISSING_BROADCASTED_DIAGNOSTIC
187,0.5339541435241699,0.7227288484573364,1.2711248397827148,0.3333326578140259,0.45859742164611816,0.974334180355072,0.21397224068641663,100,0.18912911415100098,122,0.005477964878082275,51.632850646972656,1040.8431396484375,3122,3122,0.014973958333333334,0.0,0.014973958333333334,,1e-05,0.017734674736857414,4.030710220336914,3.5992813110351562,0.030786046758294106,-0.055213309824466705,0.90776127576828,0.2261320799589157,MISSING_BROADCASTED_DIAGNOSTIC
188,0.5332769155502319,0.7064976692199707,1.1627410650253296,0.32952025532722473,0.4520878493785858,0.8211219906806946,0.21386371552944183,91,0.11647385358810425,124,0.0041602253913879395,48.502315521240234,1201.3419189453125,3015,3015,0.0234375,0.0,0.0234375,,1e-05,0.016513759270310402,3.9033703804016113,3.6063740253448486,0.040641769766807556,-0.057052142918109894,0.9082722663879395,0.21691851317882538,MISSING_BROADCASTED_DIAGNOSTIC
189,0.5366373062133789,0.7150023579597473,1.2291295528411865,0.33476588129997253,0.4603809714317322,0.9186795949935913,0.21386876702308655,84,0.1617400348186493,108,0.005376040935516357,50.96125030517578,1395.9796142578125,3071,3071,0.016927083333333332,0.0,0.016927083333333332,,1e-05,0.0170426145195961,3.9792354106903076,3.6066482067108154,0.03359777107834816,-0.05650839954614639,0.8793452978134155,0.2406400442123413,MISSING_BROADCASTED_DIAGNOSTIC
190,0.5383142232894897,0.7127360105514526,1.1953151226043701,0.3350299298763275,0.4476096034049988,0.8617517948150635,0.21385732293128967,90,0.2072942852973938,112,0.005450308322906494,46.2529182434082,1055.4093017578125,3092,3092,0.022135416666666668,0.0,0.022135416666666668,,1e-05,0.01848825067281723,3.8902649879455566,3.604706287384033,0.036137428134679794,-0.05652385577559471,0.8624449968338013,0.2570802867412567,MISSING_BROADCASTED_DIAGNOSTIC
191,0.5368986129760742,0.709397554397583,1.3587415218353271,0.3397725522518158,0.4580346345901489,0.8248673677444458,0.21390892565250397,92,0.1542266309261322,97,0.004011750221252441,51.0381965637207,1011.960693359375,3141,3141,0.016927083333333332,0.0,0.016927083333333332,,1e-05,0.01825784146785736,4.058778285980225,3.596867799758911,0.028085341677069664,-0.056289322674274445,0.9369014501571655,0.1808200478553772,MISSING_BROADCASTED_DIAGNOSTIC
192,0.5362004041671753,0.7171036005020142,1.313655138015747,0.3403225243091583,0.4713522493839264,0.8664195537567139,0.2139700949192047,93,0.23222273588180542,89,0.004374206066131592,54.12590026855469,974.4700317382812,3092,3092,0.024739583333333332,0.0,0.024739583333333332,,1e-05,0.018060173839330673,4.081481456756592,3.597524404525757,0.025917455554008484,-0.053241368383169174,0.9723576307296753,0.18292158842086792,MISSING_BROADCASTED_DIAGNOSTIC
193,0.5351025462150574,0.7220852971076965,1.399244785308838,0.3356603980064392,0.4576447010040283,0.9326750636100769,0.2139034867286682,111,0.20578807592391968,131,0.0038713812828063965,51.594093322753906,1084.1800537109375,3149,3149,0.015625,0.0,0.015625,,1e-05,0.016113288700580597,4.060982704162598,3.607548475265503,0.03553265333175659,-0.05337478592991829,0.9017392992973328,0.20559363067150116,MISSING_BROADCASTED_DIAGNOSTIC
194,0.53838711977005,0.7194822430610657,1.2727488279342651,0.33844423294067383,0.46005454659461975,0.8794070482254028,0.2138480246067047,96,0.17777004837989807,107,0.0047855377197265625,49.75902557373047,1168.653564453125,3078,3078,0.022135416666666668,0.0,0.022135416666666668,,1e-05,0.016489317640662193,4.022994518280029,3.5906035900115967,0.024136653169989586,-0.05391816422343254,0.9384969472885132,0.2043299376964569,MISSING_BROADCASTED_DIAGNOSTIC
195,0.538162350654602,0.7154980301856995,1.3340122699737549,0.33832329511642456,0.46413522958755493,0.9027051329612732,0.2141004055738449,120,0.18937963247299194,110,0.0043302178382873535,51.3092041015625,1040.400146484375,3074,3074,0.01953125,0.0,0.01953125,,1e-05,0.01894528605043888,4.089673042297363,3.555555820465088,0.03742064908146858,-0.051936354488134384,0.9354483485221863,0.2103886604309082,MISSING_BROADCASTED_DIAGNOSTIC
196,0.5407626032829285,0.7233823537826538,1.1593153476715088,0.33981242775917053,0.4651528298854828,0.8765774965286255,0.21434731781482697,128,0.1910368800163269,107,0.0037012100219726562,50.16980743408203,1021.3489379882812,3108,3108,0.017578125,0.0,0.017578125,,1e-05,0.019542714580893517,3.9222028255462646,3.52885103225708,0.032868653535842896,-0.05492717772722244,0.9185595512390137,0.20712926983833313,MISSING_BROADCASTED_DIAGNOSTIC
197,0.5436972975730896,0.7221595048904419,1.1738595962524414,0.34073472023010254,0.4718652069568634,0.8684081435203552,0.21450069546699524,132,0.18021947145462036,82,0.003318607807159424,52.316566467285156,915.5718994140625,3134,3134,0.018880208333333332,0.0,0.018880208333333332,,1e-05,0.01786222495138645,3.9975063800811768,3.5076465606689453,0.022678641602396965,-0.05666516348719597,0.9738752245903015,0.15363028645515442,MISSING_BROADCASTED_DIAGNOSTIC
198,0.5456023216247559,0.726919412612915,1.207731008529663,0.34523171186447144,0.4776657819747925,0.9231736063957214,0.2146688848733902,97,0.15153616666793823,95,0.0030661821365356445,49.91436767578125,985.1961669921875,3114,3114,0.021484375,0.0,0.021484375,,1e-05,0.018708767369389534,4.004180431365967,3.4881248474121094,0.02474031038582325,-0.05593041330575943,1.0378901958465576,0.14242051541805267,MISSING_BROADCASTED_DIAGNOSTIC
199,0.5434228777885437,0.7259889841079712,1.3701926469802856,0.34168702363967896,0.47323349118232727,0.9793437123298645,0.2147902101278305,141,0.1773238182067871,105,0.0040781497955322266,54.618324279785156,1114.125,3089,3089,0.020182291666666668,0.0,0.020182291666666668,,1e-05,0.01743878610432148,4.18352746963501,3.477694272994995,0.026697132736444473,-0.05526139959692955,0.9410821795463562,0.22337786853313446,MISSING_BROADCASTED_DIAGNOSTIC
200,0.54665207862854,0.7311983108520508,1.2887234687805176,0.343829482793808,0.4790278971195221,0.8532829284667969,0.21483340859413147,130,0.20558905601501465,77,0.006003379821777344,63.36734390258789,1011.8792114257812,3115,3115,0.018229166666666668,0.0,0.018229166666666668,,1e-05,0.01938316971063614,4.031318187713623,3.4724678993225098,0.0296584852039814,-0.051794733852148056,0.9117449522018433,0.22186195850372314,MISSING_BROADCASTED_DIAGNOSTIC
